"Departamento","Código Departamento","Municipio","Código Municipio","Programa","Año de asignacion","No. SFV Asignados","Valor Asignado","Tipo de suelo"
"ANTIOQUIA","5","ABRIAQUI","5,004","Mi Casa Ya","2,024","28","1,066,000,000","URBANO"
"ANTIOQUIA","5","ALEJANDRIA","5,021","Mi Casa Ya","2,023","14","429,200,000","URBANO"
"ANTIOQUIA","5","ALEJANDRIA","5,021","Mi Casa Ya","2,024","2","65,000,000","URBANO"
"ANTIOQUIA","5","ANDES","5,034","Mi Casa Ya","2,022","45","944,387,280","URBANO"
"ANTIOQUIA","5","ANDES","5,034","Mi Casa Ya","2,023","1","23,200,000","URBANO"
"ANTIOQUIA","5","ANDES","5,034","Mi Casa Ya","2,024","1","26,000,000","URBANO"
"ANTIOQUIA","5","ANGOSTURA","5,038","Mi Casa Ya","2,022","1","30,000,000","URBANO"
"ANTIOQUIA","5","ANGOSTURA","5,038","Mi Casa Ya","2,023","1","34,800,000","URBANO"
"ANTIOQUIA","5","APARTADO","5,045","Mi Casa Ya","2,022","74","1,597,984,100","URBANO"
"ANTIOQUIA","5","APARTADO","5,045","Mi Casa Ya","2,023","204","4,814,000,000","URBANO"
"ANTIOQUIA","5","APARTADO","5,045","Mi Casa Ya","2,024","92","2,509,000,000","URBANO"
"ANTIOQUIA","5","ARBOLETES","5,051","Mi Casa Ya","2,022","37","1,059,937,860","URBANO"
"ANTIOQUIA","5","ARBOLETES","5,051","Mi Casa Ya","2,023","7","243,600,000","URBANO"
"ANTIOQUIA","5","ARBOLETES","5,051","Mi Casa Ya","2,024","7","260,000,000","URBANO"
"ANTIOQUIA","5","BELLO","5,088","Mi Casa Ya","2,022","1,075","22,739,468,160","URBANO"
"ANTIOQUIA","5","BELLO","5,088","Mi Casa Ya","2,023","317","7,848,400,000","URBANO"
"ANTIOQUIA","5","BELLO","5,088","Mi Casa Ya","2,024","401","11,401,000,000","URBANO"
"ANTIOQUIA","5","BELLO","5,088","Mi Casa Ya","2,025","8","270,465,000","URBANO"
"ANTIOQUIA","5","CALDAS","5,129","Mi Casa Ya","2,022","12","250,000,000","URBANO"
"ANTIOQUIA","5","CALDAS","5,129","Mi Casa Ya","2,023","5","116,000,000","URBANO"
"ANTIOQUIA","5","CALDAS","5,129","Mi Casa Ya","2,024","14","403,000,000","URBANO"
"ANTIOQUIA","5","CAMPAMENTO","5,134","Mi Casa Ya","2,024","1","26,000,000","URBANO"
"ANTIOQUIA","5","CARAMANTA","5,145","Mi Casa Ya","2,022","1","27,255,780","URBANO"
"ANTIOQUIA","5","CAREPA","5,147","Mi Casa Ya","2,022","37","861,705,200","URBANO"
"ANTIOQUIA","5","CAREPA","5,147","Mi Casa Ya","2,023","11","324,800,000","URBANO"
"ANTIOQUIA","5","CAREPA","5,147","Mi Casa Ya","2,024","39","1,079,000,000","URBANO"
"ANTIOQUIA","5","CAREPA","5,147","Mi Casa Ya","2,025","1","42,705,000","URBANO"
"ANTIOQUIA","5","CARMEN DE VIBORAL","5,148","Mi Casa Ya","2,022","47","1,050,000,000","URBANO"
"ANTIOQUIA","5","CARMEN DE VIBORAL","5,148","Mi Casa Ya","2,023","9","232,000,000","URBANO"
"ANTIOQUIA","5","CARMEN DE VIBORAL","5,148","Mi Casa Ya","2,024","74","1,989,000,000","URBANO"
"ANTIOQUIA","5","CARMEN DE VIBORAL","5,148","Mi Casa Ya","2,025","1","28,470,000","URBANO"
"ANTIOQUIA","5","CAUCASIA","5,154","Mi Casa Ya","2,022","10","245,426,300","URBANO"
"ANTIOQUIA","5","CAUCASIA","5,154","Mi Casa Ya","2,023","36","1,183,200,000","URBANO"
"ANTIOQUIA","5","CAUCASIA","5,154","Mi Casa Ya","2,024","26","936,000,000","URBANO"
"ANTIOQUIA","5","CAUCASIA","5,154","Mi Casa Ya","2,025","4","156,585,000","URBANO"
"ANTIOQUIA","5","CHIGORODO","5,172","Mi Casa Ya","2,022","28","709,875,720","URBANO"
"ANTIOQUIA","5","CHIGORODO","5,172","Mi Casa Ya","2,023","37","986,000,000","URBANO"
"ANTIOQUIA","5","CHIGORODO","5,172","Mi Casa Ya","2,024","95","2,912,000,000","URBANO"
"ANTIOQUIA","5","CHIGORODO","5,172","Mi Casa Ya","2,025","4","142,350,000","URBANO"
"ANTIOQUIA","5","CIUDAD BOLIVAR","5,101","Mi Casa Ya","2,022","41","1,017,193,640","URBANO"
"ANTIOQUIA","5","CIUDAD BOLIVAR","5,101","Mi Casa Ya","2,023","20","533,600,000","URBANO"
"ANTIOQUIA","5","CIUDAD BOLIVAR","5,101","Mi Casa Ya","2,024","3","91,000,000","URBANO"
"ANTIOQUIA","5","COCORNA","5,197","Mi Casa Ya","2,022","1","20,000,000","URBANO"
"ANTIOQUIA","5","COCORNA","5,197","Mi Casa Ya","2,023","8","185,600,000","URBANO"
"ANTIOQUIA","5","COCORNA","5,197","Mi Casa Ya","2,024","8","208,000,000","URBANO"
"ANTIOQUIA","5","COCORNA","5,197","Mi Casa Ya","2,025","3","99,645,000","URBANO"
"ANTIOQUIA","5","CONCORDIA","5,209","Mi Casa Ya","2,022","7","207,255,780","URBANO"
"ANTIOQUIA","5","CONCORDIA","5,209","Mi Casa Ya","2,023","6","162,400,000","URBANO"
"ANTIOQUIA","5","COPACABANA","5,212","Mi Casa Ya","2,022","63","1,297,797,680","URBANO"
"ANTIOQUIA","5","COPACABANA","5,212","Mi Casa Ya","2,023","31","835,200,000","URBANO"
"ANTIOQUIA","5","COPACABANA","5,212","Mi Casa Ya","2,024","34","1,027,000,000","URBANO"
"ANTIOQUIA","5","DON MATIAS","5,237","Mi Casa Ya","2,022","4","107,255,780","URBANO"
"ANTIOQUIA","5","ENTRERRIOS","5,264","Mi Casa Ya","2,022","7","178,170,520","URBANO"
"ANTIOQUIA","5","ENTRERRIOS","5,264","Mi Casa Ya","2,023","9","290,000,000","URBANO"
"ANTIOQUIA","5","ENTRERRIOS","5,264","Mi Casa Ya","2,024","2","52,000,000","URBANO"
"ANTIOQUIA","5","ENVIGADO","5,266","Mi Casa Ya","2,022","39","939,937,860","URBANO"
"ANTIOQUIA","5","ENVIGADO","5,266","Mi Casa Ya","2,023","12","336,400,000","URBANO"
"ANTIOQUIA","5","ENVIGADO","5,266","Mi Casa Ya","2,024","125","3,497,000,000","URBANO"
"ANTIOQUIA","5","ENVIGADO","5,266","Mi Casa Ya","2,025","3","113,880,000","URBANO"
"ANTIOQUIA","5","GIRARDOTA","5,308","Mi Casa Ya","2,022","3","80,000,000","URBANO"
"ANTIOQUIA","5","GIRARDOTA","5,308","Mi Casa Ya","2,023","20","522,000,000","URBANO"
"ANTIOQUIA","5","GIRARDOTA","5,308","Mi Casa Ya","2,024","6","182,000,000","URBANO"
"ANTIOQUIA","5","GUARNE","5,318","Mi Casa Ya","2,022","62","1,308,170,520","URBANO"
"ANTIOQUIA","5","GUARNE","5,318","Mi Casa Ya","2,023","114","2,737,600,000","URBANO"
"ANTIOQUIA","5","GUARNE","5,318","Mi Casa Ya","2,024","5","130,000,000","URBANO"
"ANTIOQUIA","5","HISPANIA","5,353","Mi Casa Ya","2,022","1","18,170,520","URBANO"
"ANTIOQUIA","5","HISPANIA","5,353","Mi Casa Ya","2,023","4","92,800,000","URBANO"
"ANTIOQUIA","5","ITAGUI","5,360","Mi Casa Ya","2,022","58","1,240,000,000","URBANO"
"ANTIOQUIA","5","ITAGUI","5,360","Mi Casa Ya","2,023","51","1,276,000,000","URBANO"
"ANTIOQUIA","5","ITAGUI","5,360","Mi Casa Ya","2,024","117","3,211,000,000","URBANO"
"ANTIOQUIA","5","JARDIN","5,364","Mi Casa Ya","2,024","6","169,000,000","URBANO"
"ANTIOQUIA","5","JARDIN","5,364","Mi Casa Ya","2,025","7","213,525,000","URBANO"
"ANTIOQUIA","5","LA CEJA","5,376","Mi Casa Ya","2,022","90","1,899,875,720","URBANO"
"ANTIOQUIA","5","LA CEJA","5,376","Mi Casa Ya","2,023","170","4,025,200,000","URBANO"
"ANTIOQUIA","5","LA CEJA","5,376","Mi Casa Ya","2,024","205","5,447,000,000","URBANO"
"ANTIOQUIA","5","LA CEJA","5,376","Mi Casa Ya","2,025","7","199,290,000","URBANO"
"ANTIOQUIA","5","LA ESTRELLA","5,380","Mi Casa Ya","2,022","90","1,997,921,960","URBANO"
"ANTIOQUIA","5","LA ESTRELLA","5,380","Mi Casa Ya","2,023","74","1,809,600,000","URBANO"
"ANTIOQUIA","5","LA ESTRELLA","5,380","Mi Casa Ya","2,024","54","1,521,000,000","URBANO"
"ANTIOQUIA","5","LA PINTADA","5,390","Mi Casa Ya","2,022","9","180,000,000","URBANO"
"ANTIOQUIA","5","LA PINTADA","5,390","Mi Casa Ya","2,023","40","951,200,000","URBANO"
"ANTIOQUIA","5","LA PINTADA","5,390","Mi Casa Ya","2,024","1","26,000,000","URBANO"
"ANTIOQUIA","5","LA UNION","5,400","Mi Casa Ya","2,023","27","661,200,000","URBANO"
"ANTIOQUIA","5","LA UNION","5,400","Mi Casa Ya","2,024","41","1,092,000,000","URBANO"
"ANTIOQUIA","5","LA UNION","5,400","Mi Casa Ya","2,025","3","85,410,000","URBANO"
"ANTIOQUIA","5","MARINILLA","5,440","Mi Casa Ya","2,022","8","185,426,300","URBANO"
"ANTIOQUIA","5","MARINILLA","5,440","Mi Casa Ya","2,023","16","406,000,000","URBANO"
"ANTIOQUIA","5","MARINILLA","5,440","Mi Casa Ya","2,024","4","130,000,000","URBANO"
"ANTIOQUIA","5","MEDELLIN","5,001","Mi Casa Ya","2,022","734","16,156,385,820","URBANO"
"ANTIOQUIA","5","MEDELLIN","5,001","Mi Casa Ya","2,023","248","5,927,600,000","URBANO"
"ANTIOQUIA","5","MEDELLIN","5,001","Mi Casa Ya","2,024","251","7,059,000,000","URBANO"
"ANTIOQUIA","5","MEDELLIN","5,001","Mi Casa Ya","2,025","3","99,645,000","URBANO"
"ANTIOQUIA","5","PEQUE","5,543","Mi Casa Ya","2,022","30","726,341,040","URBANO"
"ANTIOQUIA","5","PEQUE","5,543","Mi Casa Ya","2,023","23","719,200,000","URBANO"
"ANTIOQUIA","5","PEQUE","5,543","Mi Casa Ya","2,024","3","91,000,000","URBANO"
"ANTIOQUIA","5","PUEBLO RICO","5,576","Mi Casa Ya","2,022","40","1,124,511,560","URBANO"
"ANTIOQUIA","5","PUEBLO RICO","5,576","Mi Casa Ya","2,023","5","162,400,000","URBANO"
"ANTIOQUIA","5","PUEBLO RICO","5,576","Mi Casa Ya","2,024","1","26,000,000","URBANO"
"ANTIOQUIA","5","RETIRO","5,607","Mi Casa Ya","2,022","6","120,000,000","URBANO"
"ANTIOQUIA","5","RETIRO","5,607","Mi Casa Ya","2,023","9","208,800,000","URBANO"
"ANTIOQUIA","5","RETIRO","5,607","Mi Casa Ya","2,024","22","585,000,000","URBANO"
"ANTIOQUIA","5","RETIRO","5,607","Mi Casa Ya","2,025","1","28,470,000","URBANO"
"ANTIOQUIA","5","RIONEGRO","5,615","Mi Casa Ya","2,022","84","1,782,433,520","URBANO"
"ANTIOQUIA","5","RIONEGRO","5,615","Mi Casa Ya","2,023","49","1,206,400,000","URBANO"
"ANTIOQUIA","5","RIONEGRO","5,615","Mi Casa Ya","2,024","169","4,771,000,000","URBANO"
"ANTIOQUIA","5","RIONEGRO","5,615","Mi Casa Ya","2,025","2","56,940,000","URBANO"
"ANTIOQUIA","5","SABANETA","5,631","Mi Casa Ya","2,022","237","5,075,364,160","URBANO"
"ANTIOQUIA","5","SABANETA","5,631","Mi Casa Ya","2,023","68","1,728,400,000","URBANO"
"ANTIOQUIA","5","SABANETA","5,631","Mi Casa Ya","2,024","49","1,378,000,000","URBANO"
"ANTIOQUIA","5","SAN CARLOS","5,649","Mi Casa Ya","2,023","24","754,000,000","URBANO"
"ANTIOQUIA","5","SAN CARLOS","5,649","Mi Casa Ya","2,024","6","221,000,000","URBANO"
"ANTIOQUIA","5","SAN JOSE DE LA MONTAÑA","5,658","Mi Casa Ya","2,022","4","97,255,780","URBANO"
"ANTIOQUIA","5","SAN JUAN DE URABA","5,659","Mi Casa Ya","2,022","1","30,000,000","URBANO"
"ANTIOQUIA","5","SAN JUAN DE URABA","5,659","Mi Casa Ya","2,023","9","290,000,000","URBANO"
"ANTIOQUIA","5","SAN JUAN DE URABA","5,659","Mi Casa Ya","2,024","6","234,000,000","URBANO"
"ANTIOQUIA","5","SAN PEDRO","5,664","Mi Casa Ya","2,022","79","2,057,131,500","URBANO"
"ANTIOQUIA","5","SAN PEDRO","5,664","Mi Casa Ya","2,023","2","58,000,000","RURAL"
"ANTIOQUIA","5","SAN PEDRO","5,664","Mi Casa Ya","2,023","39","1,102,000,000","URBANO"
"ANTIOQUIA","5","SAN PEDRO","5,664","Mi Casa Ya","2,024","51","1,547,000,000","URBANO"
"ANTIOQUIA","5","SAN PEDRO DE URABA","5,665","Mi Casa Ya","2,022","19","541,705,200","URBANO"
"ANTIOQUIA","5","SAN PEDRO DE URABA","5,665","Mi Casa Ya","2,023","6","197,200,000","URBANO"
"ANTIOQUIA","5","SAN PEDRO DE URABA","5,665","Mi Casa Ya","2,024","8","299,000,000","URBANO"
"ANTIOQUIA","5","SAN RAFAEL","5,667","Mi Casa Ya","2,023","14","464,000,000","URBANO"
"ANTIOQUIA","5","SAN RAFAEL","5,667","Mi Casa Ya","2,024","2","65,000,000","URBANO"
"ANTIOQUIA","5","SAN ROQUE","5,670","Mi Casa Ya","2,022","1","27,255,780","URBANO"
"ANTIOQUIA","5","SAN VICENTE","5,674","Mi Casa Ya","2,022","12","296,216,760","URBANO"
"ANTIOQUIA","5","SAN VICENTE","5,674","Mi Casa Ya","2,023","2","69,600,000","URBANO"
"ANTIOQUIA","5","SANTA BARBARA","5,679","Mi Casa Ya","2,022","11","258,170,520","URBANO"
"ANTIOQUIA","5","SANTA BARBARA","5,679","Mi Casa Ya","2,023","8","232,000,000","URBANO"
"ANTIOQUIA","5","SANTA BARBARA","5,679","Mi Casa Ya","2,024","8","273,000,000","URBANO"
"ANTIOQUIA","5","SANTA ROSA DE OSOS","5,686","Mi Casa Ya","2,022","27","781,767,340","URBANO"
"ANTIOQUIA","5","SANTA ROSA DE OSOS","5,686","Mi Casa Ya","2,023","30","870,000,000","URBANO"
"ANTIOQUIA","5","SANTA ROSA DE OSOS","5,686","Mi Casa Ya","2,024","7","221,000,000","URBANO"
"ANTIOQUIA","5","SANTUARIO","5,697","Mi Casa Ya","2,022","48","1,240,000,000","URBANO"
"ANTIOQUIA","5","SANTUARIO","5,697","Mi Casa Ya","2,023","40","1,020,800,000","URBANO"
"ANTIOQUIA","5","SANTUARIO","5,697","Mi Casa Ya","2,024","31","923,000,000","URBANO"
"ANTIOQUIA","5","SANTUARIO","5,697","Mi Casa Ya","2,025","1","28,470,000","URBANO"
"ANTIOQUIA","5","SOPETRAN","5,761","Mi Casa Ya","2,022","20","458,170,520","URBANO"
"ANTIOQUIA","5","SOPETRAN","5,761","Mi Casa Ya","2,023","25","638,000,000","URBANO"
"ANTIOQUIA","5","SOPETRAN","5,761","Mi Casa Ya","2,024","18","507,000,000","URBANO"
"ANTIOQUIA","5","TAMESIS","5,789","Mi Casa Ya","2,022","1","18,170,520","URBANO"
"ANTIOQUIA","5","TAMESIS","5,789","Mi Casa Ya","2,024","41","1,170,000,000","URBANO"
"ANTIOQUIA","5","TAMESIS","5,789","Mi Casa Ya","2,025","1","28,470,000","URBANO"
"ANTIOQUIA","5","TARSO","5,792","Mi Casa Ya","2,022","1","18,170,520","URBANO"
"ANTIOQUIA","5","TURBO","5,837","Mi Casa Ya","2,022","3","70,000,000","URBANO"
"ANTIOQUIA","5","TURBO","5,837","Mi Casa Ya","2,023","10","243,600,000","URBANO"
"ANTIOQUIA","5","TURBO","5,837","Mi Casa Ya","2,024","21","598,000,000","URBANO"
"ANTIOQUIA","5","TURBO","5,837","Mi Casa Ya","2,025","1","42,705,000","URBANO"
"ANTIOQUIA","5","URAMITA","5,842","Mi Casa Ya","2,024","14","520,000,000","URBANO"
"ANTIOQUIA","5","URAMITA","5,842","Mi Casa Ya","2,025","1","42,705,000","URBANO"
"ANTIOQUIA","5","URRAO","5,847","Mi Casa Ya","2,022","31","861,643,060","URBANO"
"ANTIOQUIA","5","URRAO","5,847","Mi Casa Ya","2,023","1","23,200,000","URBANO"
"ANTIOQUIA","5","URRAO","5,847","Mi Casa Ya","2,024","2","65,000,000","URBANO"
"ANTIOQUIA","5","VALPARAISO","5,856","Mi Casa Ya","2,022","21","507,255,780","URBANO"
"ANTIOQUIA","5","VALPARAISO","5,856","Mi Casa Ya","2,023","13","324,800,000","URBANO"
"ANTIOQUIA","5","VEGACHI","5,858","Mi Casa Ya","2,022","19","520,604,040","URBANO"
"ANTIOQUIA","5","VEGACHI","5,858","Mi Casa Ya","2,023","70","2,424,400,000","URBANO"
"ANTIOQUIA","5","VEGACHI","5,858","Mi Casa Ya","2,024","45","1,742,000,000","URBANO"
"ANTIOQUIA","5","YARUMAL","5,887","Mi Casa Ya","2,022","73","2,111,705,200","URBANO"
"ANTIOQUIA","5","YARUMAL","5,887","Mi Casa Ya","2,023","55","1,856,000,000","URBANO"
"ANTIOQUIA","5","YARUMAL","5,887","Mi Casa Ya","2,024","93","3,263,000,000","URBANO"
"ANTIOQUIA","5","YOLOMBO","5,890","Mi Casa Ya","2,024","14","416,000,000","URBANO"
"ARAUCA","81","ARAUCA","81,001","Mi Casa Ya","2,022","35","709,023,120","URBANO"
"ARAUCA","81","ARAUCA","81,001","Mi Casa Ya","2,023","5","127,600,000","URBANO"
"ARAUCA","81","ARAUCA","81,001","Mi Casa Ya","2,024","5","130,000,000","URBANO"
"ARAUCA","81","TAME","81,794","Mi Casa Ya","2,022","4","107,255,780","URBANO"
"ARAUCA","81","TAME","81,794","Mi Casa Ya","2,023","3","92,800,000","URBANO"
"ARAUCA","81","TAME","81,794","Mi Casa Ya","2,024","19","572,000,000","URBANO"
"ATLANTICO","8","BARANOA","8,078","Mi Casa Ya","2,022","68","2,003,534,680","URBANO"
"ATLANTICO","8","BARANOA","8,078","Mi Casa Ya","2,023","79","2,726,000,000","URBANO"
"ATLANTICO","8","BARANOA","8,078","Mi Casa Ya","2,024","57","2,197,000,000","URBANO"
"ATLANTICO","8","BARANOA","8,078","Mi Casa Ya","2,025","74","3,103,230,000","URBANO"
"ATLANTICO","8","BARRANQUILLA","8,001","Mi Casa Ya","2,022","4,215","106,327,765,720","URBANO"
"ATLANTICO","8","BARRANQUILLA","8,001","Mi Casa Ya","2,023","2,663","87,672,800,000","URBANO"
"ATLANTICO","8","BARRANQUILLA","8,001","Mi Casa Ya","2,024","3,437","123,963,800,000","URBANO"
"ATLANTICO","8","BARRANQUILLA","8,001","Mi Casa Ya","2,025","723","29,039,400,000","URBANO"
"ATLANTICO","8","GALAPA","8,296","Mi Casa Ya","2,022","290","8,051,705,200","URBANO"
"ATLANTICO","8","GALAPA","8,296","Mi Casa Ya","2,023","186","6,252,400,000","URBANO"
"ATLANTICO","8","GALAPA","8,296","Mi Casa Ya","2,024","128","4,875,000,000","URBANO"
"ATLANTICO","8","GALAPA","8,296","Mi Casa Ya","2,025","112","4,626,375,000","URBANO"
"ATLANTICO","8","MALAMBO","8,433","Mi Casa Ya","2,022","45","1,321,767,340","URBANO"
"ATLANTICO","8","MALAMBO","8,433","Mi Casa Ya","2,023","36","1,229,600,000","URBANO"
"ATLANTICO","8","MALAMBO","8,433","Mi Casa Ya","2,024","85","3,211,000,000","URBANO"
"ATLANTICO","8","MALAMBO","8,433","Mi Casa Ya","2,025","12","483,990,000","URBANO"
"ATLANTICO","8","PUERTO COLOMBIA","8,573","Mi Casa Ya","2,023","199","6,496,000,000","URBANO"
"ATLANTICO","8","PUERTO COLOMBIA","8,573","Mi Casa Ya","2,024","1,294","46,215,000,000","URBANO"
"ATLANTICO","8","PUERTO COLOMBIA","8,573","Mi Casa Ya","2,025","31","1,224,210,000","URBANO"
"ATLANTICO","8","SABANAGRANDE","8,634","Mi Casa Ya","2,022","515","15,084,325,140","URBANO"
"ATLANTICO","8","SABANAGRANDE","8,634","Mi Casa Ya","2,023","493","16,866,400,000","URBANO"
"ATLANTICO","8","SABANAGRANDE","8,634","Mi Casa Ya","2,024","248","9,360,000,000","URBANO"
"ATLANTICO","8","SABANAGRANDE","8,634","Mi Casa Ya","2,025","49","2,035,605,000","URBANO"
"ATLANTICO","8","SABANALARGA","8,638","Mi Casa Ya","2,022","133","3,576,030,340","URBANO"
"ATLANTICO","8","SABANALARGA","8,638","Mi Casa Ya","2,023","228","7,632,800,000","URBANO"
"ATLANTICO","8","SABANALARGA","8,638","Mi Casa Ya","2,024","166","6,201,000,000","URBANO"
"ATLANTICO","8","SABANALARGA","8,638","Mi Casa Ya","2,025","20","854,100,000","URBANO"
"ATLANTICO","8","SANTO TOMAS","8,685","Mi Casa Ya","2,023","3","104,400,000","URBANO"
"ATLANTICO","8","SANTO TOMAS","8,685","Mi Casa Ya","2,024","7","260,000,000","URBANO"
"ATLANTICO","8","SOLEDAD","8,758","Mi Casa Ya","2,022","5,755","162,691,352,480","URBANO"
"ATLANTICO","8","SOLEDAD","8,758","Mi Casa Ya","2,023","5,064","169,708,000,000","URBANO"
"ATLANTICO","8","SOLEDAD","8,758","Mi Casa Ya","2,024","2","78,000,000","RURAL"
"ATLANTICO","8","SOLEDAD","8,758","Mi Casa Ya","2,024","3,526","129,909,000,000","URBANO"
"ATLANTICO","8","SOLEDAD","8,758","Mi Casa Ya","2,025","216","8,996,520,000","URBANO"
"ATLANTICO","8","SUAN","8,770","Mi Casa Ya","2,022","7","180,000,000","URBANO"
"ATLANTICO","8","SUAN","8,770","Mi Casa Ya","2,023","2","69,600,000","URBANO"
"BOGOTA D. C.","11","BOGOTA","11,001","Mi Casa Ya","2,022","4,804","98,811,583,680","URBANO"
"BOGOTA D. C.","11","BOGOTA","11,001","Mi Casa Ya","2,023","2,329","54,636,000,000","URBANO"
"BOGOTA D. C.","11","BOGOTA","11,001","Mi Casa Ya","2,024","3,198","84,500,000,000","URBANO"
"BOGOTA D. C.","11","BOGOTA","11,001","Mi Casa Ya","2,025","458","13,480,545,000","URBANO"
"BOLIVAR","13","CARTAGENA","13,001","Mi Casa Ya","2,022","2,251","58,210,783,160","URBANO"
"BOLIVAR","13","CARTAGENA","13,001","Mi Casa Ya","2,023","1,857","61,886,000,000","URBANO"
"BOLIVAR","13","CARTAGENA","13,001","Mi Casa Ya","2,024","2,303","82,420,000,000","URBANO"
"BOLIVAR","13","CARTAGENA","13,001","Mi Casa Ya","2,025","347","13,936,065,000","URBANO"
"BOLIVAR","13","EL CARMEN DE BOLIVAR","13,244","Mi Casa Ya","2,022","18","414,511,560","URBANO"
"BOLIVAR","13","EL CARMEN DE BOLIVAR","13,244","Mi Casa Ya","2,023","8","197,200,000","URBANO"
"BOLIVAR","13","EL CARMEN DE BOLIVAR","13,244","Mi Casa Ya","2,024","13","442,000,000","URBANO"
"BOLIVAR","13","EL CARMEN DE BOLIVAR","13,244","Mi Casa Ya","2,025","1","42,705,000","URBANO"
"BOLIVAR","13","MAGANGUE","13,430","Mi Casa Ya","2,022","11","277,255,780","URBANO"
"BOLIVAR","13","MAGANGUE","13,430","Mi Casa Ya","2,023","98","3,248,000,000","URBANO"
"BOLIVAR","13","MAGANGUE","13,430","Mi Casa Ya","2,024","90","3,406,000,000","URBANO"
"BOLIVAR","13","MAGANGUE","13,430","Mi Casa Ya","2,025","71","2,975,115,000","URBANO"
"BOLIVAR","13","SAN JACINTO","13,654","Mi Casa Ya","2,024","1","26,000,000","URBANO"
"BOLIVAR","13","SAN JUAN NEPOMUCENO","13,657","Mi Casa Ya","2,022","1","20,000,000","URBANO"
"BOLIVAR","13","SANTA ROSA DEL SUR","13,688","Mi Casa Ya","2,024","1","39,000,000","URBANO"
"BOLIVAR","13","TURBACO","13,836","Mi Casa Ya","2,022","1,012","26,784,973,960","URBANO"
"BOLIVAR","13","TURBACO","13,836","Mi Casa Ya","2,023","627","20,543,600,000","URBANO"
"BOLIVAR","13","TURBACO","13,836","Mi Casa Ya","2,024","95","3,328,000,000","RURAL"
"BOLIVAR","13","TURBACO","13,836","Mi Casa Ya","2,024","503","17,875,000,000","URBANO"
"BOLIVAR","13","TURBACO","13,836","Mi Casa Ya","2,025","2","85,410,000","RURAL"
"BOLIVAR","13","TURBACO","13,836","Mi Casa Ya","2,025","53","2,121,015,000","URBANO"
"BOYACA","15","ARCABUCO","15,051","Mi Casa Ya","2,024","8","247,000,000","URBANO"
"BOYACA","15","BELEN","15,087","Mi Casa Ya","2,022","10","281,767,340","URBANO"
"BOYACA","15","BELEN","15,087","Mi Casa Ya","2,023","83","2,586,800,000","URBANO"
"BOYACA","15","BELEN","15,087","Mi Casa Ya","2,024","46","1,508,000,000","URBANO"
"BOYACA","15","BELEN","15,087","Mi Casa Ya","2,025","1","42,705,000","URBANO"
"BOYACA","15","BOAVITA","15,097","Mi Casa Ya","2,023","27","881,600,000","URBANO"
"BOYACA","15","BOAVITA","15,097","Mi Casa Ya","2,024","9","325,000,000","URBANO"
"BOYACA","15","CHIQUINQUIRA","15,176","Mi Casa Ya","2,022","51","1,130,728,320","URBANO"
"BOYACA","15","CHIQUINQUIRA","15,176","Mi Casa Ya","2,023","102","2,459,200,000","URBANO"
"BOYACA","15","CHIQUINQUIRA","15,176","Mi Casa Ya","2,024","63","1,885,000,000","URBANO"
"BOYACA","15","CHIQUINQUIRA","15,176","Mi Casa Ya","2,025","1","28,470,000","URBANO"
"BOYACA","15","DUITAMA","15,238","Mi Casa Ya","2,022","250","6,247,611,260","URBANO"
"BOYACA","15","DUITAMA","15,238","Mi Casa Ya","2,023","154","4,280,400,000","URBANO"
"BOYACA","15","DUITAMA","15,238","Mi Casa Ya","2,024","165","5,434,000,000","URBANO"
"BOYACA","15","DUITAMA","15,238","Mi Casa Ya","2,025","11","412,815,000","URBANO"
"BOYACA","15","FIRAVITOBA","15,272","Mi Casa Ya","2,022","1","30,000,000","URBANO"
"BOYACA","15","FIRAVITOBA","15,272","Mi Casa Ya","2,023","5","150,800,000","URBANO"
"BOYACA","15","FIRAVITOBA","15,272","Mi Casa Ya","2,024","3","104,000,000","URBANO"
"BOYACA","15","GARAGOA","15,299","Mi Casa Ya","2,022","1","30,000,000","URBANO"
"BOYACA","15","GARAGOA","15,299","Mi Casa Ya","2,023","4","104,400,000","URBANO"
"BOYACA","15","GARAGOA","15,299","Mi Casa Ya","2,024","4","104,000,000","URBANO"
"BOYACA","15","MIRAFLORES","15,455","Mi Casa Ya","2,022","9","200,000,000","URBANO"
"BOYACA","15","MIRAFLORES","15,455","Mi Casa Ya","2,023","2","46,400,000","URBANO"
"BOYACA","15","NOBSA","15,491","Mi Casa Ya","2,022","5","127,255,780","URBANO"
"BOYACA","15","PAIPA","15,516","Mi Casa Ya","2,022","97","2,297,069,360","URBANO"
"BOYACA","15","PAIPA","15,516","Mi Casa Ya","2,023","86","2,227,200,000","URBANO"
"BOYACA","15","PAIPA","15,516","Mi Casa Ya","2,024","127","3,770,000,000","URBANO"
"BOYACA","15","PAIPA","15,516","Mi Casa Ya","2,025","5","156,585,000","URBANO"
"BOYACA","15","PESCA","15,542","Mi Casa Ya","2,023","22","754,000,000","URBANO"
"BOYACA","15","PESCA","15,542","Mi Casa Ya","2,024","19","741,000,000","URBANO"
"BOYACA","15","RAMIRIQUI","15,599","Mi Casa Ya","2,024","32","1,222,000,000","URBANO"
"BOYACA","15","RAMIRIQUI","15,599","Mi Casa Ya","2,025","1","42,705,000","URBANO"
"BOYACA","15","SAMACA","15,646","Mi Casa Ya","2,022","68","1,887,921,960","URBANO"
"BOYACA","15","SAMACA","15,646","Mi Casa Ya","2,023","30","974,400,000","URBANO"
"BOYACA","15","SAMACA","15,646","Mi Casa Ya","2,024","6","221,000,000","URBANO"
"BOYACA","15","SAN LUIS DE GACENO","15,667","Mi Casa Ya","2,022","2","40,000,000","URBANO"
"BOYACA","15","SAN MATEO","15,673","Mi Casa Ya","2,022","12","350,000,000","URBANO"
"BOYACA","15","SANTA ROSA DE VITERBO","15,693","Mi Casa Ya","2,022","1","27,255,780","URBANO"
"BOYACA","15","SANTA ROSA DE VITERBO","15,693","Mi Casa Ya","2,023","15","498,800,000","URBANO"
"BOYACA","15","SANTA ROSA DE VITERBO","15,693","Mi Casa Ya","2,024","22","767,000,000","URBANO"
"BOYACA","15","SANTA ROSA DE VITERBO","15,693","Mi Casa Ya","2,025","1","42,705,000","URBANO"
"BOYACA","15","SOATA","15,753","Mi Casa Ya","2,022","15","361,767,340","URBANO"
"BOYACA","15","SOATA","15,753","Mi Casa Ya","2,023","9","301,600,000","URBANO"
"BOYACA","15","SOGAMOSO","15,759","Mi Casa Ya","2,022","268","6,640,231,200","URBANO"
"BOYACA","15","SOGAMOSO","15,759","Mi Casa Ya","2,023","292","8,463,200,000","URBANO"
"BOYACA","15","SOGAMOSO","15,759","Mi Casa Ya","2,024","218","6,643,000,000","URBANO"
"BOYACA","15","SOGAMOSO","15,759","Mi Casa Ya","2,025","271","11,373,765,000","URBANO"
"BOYACA","15","SORACA","15,764","Mi Casa Ya","2,022","37","1,020,000,000","URBANO"
"BOYACA","15","SORACA","15,764","Mi Casa Ya","2,023","29","916,400,000","URBANO"
"BOYACA","15","SORACA","15,764","Mi Casa Ya","2,024","16","481,000,000","URBANO"
"BOYACA","15","SORACA","15,764","Mi Casa Ya","2,025","1","42,705,000","URBANO"
"BOYACA","15","TIBANA","15,804","Mi Casa Ya","2,022","12","309,937,860","URBANO"
"BOYACA","15","TIBANA","15,804","Mi Casa Ya","2,023","2","58,000,000","URBANO"
"BOYACA","15","TIBANA","15,804","Mi Casa Ya","2,024","6","221,000,000","URBANO"
"BOYACA","15","TIBASOSA","15,806","Mi Casa Ya","2,022","13","320,852,600","URBANO"
"BOYACA","15","TIBASOSA","15,806","Mi Casa Ya","2,023","13","406,000,000","URBANO"
"BOYACA","15","TIBASOSA","15,806","Mi Casa Ya","2,024","9","273,000,000","URBANO"
"BOYACA","15","TOCA","15,814","Mi Casa Ya","2,022","1","30,000,000","URBANO"
"BOYACA","15","TUNJA","15,001","Mi Casa Ya","2,022","328","7,925,115,600","URBANO"
"BOYACA","15","TUNJA","15,001","Mi Casa Ya","2,023","384","11,275,200,000","URBANO"
"BOYACA","15","TUNJA","15,001","Mi Casa Ya","2,024","430","13,767,000,000","URBANO"
"BOYACA","15","TUNJA","15,001","Mi Casa Ya","2,025","7","256,230,000","URBANO"
"CALDAS","17","BELALCAZAR","17,088","Mi Casa Ya","2,022","3","87,255,780","URBANO"
"CALDAS","17","BELALCAZAR","17,088","Mi Casa Ya","2,023","8","232,000,000","URBANO"
"CALDAS","17","BELALCAZAR","17,088","Mi Casa Ya","2,024","5","195,000,000","URBANO"
"CALDAS","17","CHINCHINA","17,174","Mi Casa Ya","2,022","58","1,356,216,760","URBANO"
"CALDAS","17","CHINCHINA","17,174","Mi Casa Ya","2,023","69","2,192,400,000","URBANO"
"CALDAS","17","CHINCHINA","17,174","Mi Casa Ya","2,024","23","819,000,000","URBANO"
"CALDAS","17","LA DORADA","17,380","Mi Casa Ya","2,022","8","166,341,040","URBANO"
"CALDAS","17","LA DORADA","17,380","Mi Casa Ya","2,023","2","58,000,000","URBANO"
"CALDAS","17","LA DORADA","17,380","Mi Casa Ya","2,024","3","91,000,000","URBANO"
"CALDAS","17","MANIZALES","17,001","Mi Casa Ya","2,022","328","7,817,193,640","URBANO"
"CALDAS","17","MANIZALES","17,001","Mi Casa Ya","2,023","528","15,520,800,000","URBANO"
"CALDAS","17","MANIZALES","17,001","Mi Casa Ya","2,024","128","4,277,000,000","URBANO"
"CALDAS","17","MANIZALES","17,001","Mi Casa Ya","2,025","300","11,345,295,000","URBANO"
"CALDAS","17","PENSILVANIA","17,541","Mi Casa Ya","2,022","2","36,341,040","URBANO"
"CALDAS","17","PENSILVANIA","17,541","Mi Casa Ya","2,024","2","78,000,000","URBANO"
"CALDAS","17","PENSILVANIA","17,541","Mi Casa Ya","2,025","1","42,705,000","URBANO"
"CALDAS","17","RIOSUCIO","17,614","Mi Casa Ya","2,023","11","324,800,000","URBANO"
"CALDAS","17","RIOSUCIO","17,614","Mi Casa Ya","2,024","10","312,000,000","URBANO"
"CALDAS","17","SAMANA","17,662","Mi Casa Ya","2,024","1","39,000,000","URBANO"
"CALDAS","17","VILLAMARIA","17,873","Mi Casa Ya","2,022","170","4,348,170,520","URBANO"
"CALDAS","17","VILLAMARIA","17,873","Mi Casa Ya","2,023","125","4,013,600,000","URBANO"
"CALDAS","17","VILLAMARIA","17,873","Mi Casa Ya","2,024","115","4,069,000,000","URBANO"
"CAQUETA","18","FLORENCIA","18,001","Mi Casa Ya","2,022","22","528,108,380","URBANO"
"CAQUETA","18","FLORENCIA","18,001","Mi Casa Ya","2,023","46","1,514,800,000","URBANO"
"CAQUETA","18","FLORENCIA","18,001","Mi Casa Ya","2,024","16","546,000,000","URBANO"
"CASANARE","85","AGUAZUL","85,010","Mi Casa Ya","2,022","91","2,588,960,980","URBANO"
"CASANARE","85","AGUAZUL","85,010","Mi Casa Ya","2,023","20","672,800,000","URBANO"
"CASANARE","85","AGUAZUL","85,010","Mi Casa Ya","2,024","11","390,000,000","URBANO"
"CASANARE","85","AGUAZUL","85,010","Mi Casa Ya","2,025","1","42,705,000","URBANO"
"CASANARE","85","MONTERREY","85,162","Mi Casa Ya","2,025","1","42,705,000","URBANO"
"CASANARE","85","PAZ DE ARIPORO","85,250","Mi Casa Ya","2,022","1","20,000,000","URBANO"
"CASANARE","85","PAZ DE ARIPORO","85,250","Mi Casa Ya","2,023","26","870,000,000","URBANO"
"CASANARE","85","PAZ DE ARIPORO","85,250","Mi Casa Ya","2,024","100","3,770,000,000","URBANO"
"CASANARE","85","PAZ DE ARIPORO","85,250","Mi Casa Ya","2,025","7","298,935,000","URBANO"
"CASANARE","85","SABANALARGA","85,300","Mi Casa Ya","2,024","7","234,000,000","URBANO"
"CASANARE","85","VILLANUEVA","85,440","Mi Casa Ya","2,022","15","316,341,040","URBANO"
"CASANARE","85","VILLANUEVA","85,440","Mi Casa Ya","2,023","12","336,400,000","URBANO"
"CASANARE","85","VILLANUEVA","85,440","Mi Casa Ya","2,024","2","52,000,000","URBANO"
"CASANARE","85","YOPAL","85,001","Mi Casa Ya","2,022","148","3,133,534,680","URBANO"
"CASANARE","85","YOPAL","85,001","Mi Casa Ya","2,023","67","1,740,000,000","URBANO"
"CASANARE","85","YOPAL","85,001","Mi Casa Ya","2,024","51","1,586,000,000","URBANO"
"CASANARE","85","YOPAL","85,001","Mi Casa Ya","2,025","1","28,470,000","URBANO"
"CAUCA","19","MERCADERES","19,450","Mi Casa Ya","2,022","39","1,119,023,120","URBANO"
"CAUCA","19","MERCADERES","19,450","Mi Casa Ya","2,023","5","162,400,000","URBANO"
"CAUCA","19","MERCADERES","19,450","Mi Casa Ya","2,024","14","533,000,000","URBANO"
"CAUCA","19","MIRANDA","19,455","Mi Casa Ya","2,022","2","40,000,000","URBANO"
"CAUCA","19","MIRANDA","19,455","Mi Casa Ya","2,023","10","243,600,000","URBANO"
"CAUCA","19","MIRANDA","19,455","Mi Casa Ya","2,024","5","156,000,000","URBANO"
"CAUCA","19","PATIA (EL BORDO)","19,532","Mi Casa Ya","2,022","1","30,000,000","URBANO"
"CAUCA","19","PIENDAMO","19,548","Mi Casa Ya","2,022","3","80,000,000","URBANO"
"CAUCA","19","PIENDAMO","19,548","Mi Casa Ya","2,023","3","69,600,000","URBANO"
"CAUCA","19","POPAYAN","19,001","Mi Casa Ya","2,022","681","17,219,067,900","URBANO"
"CAUCA","19","POPAYAN","19,001","Mi Casa Ya","2,023","1,101","34,301,200,000","URBANO"
"CAUCA","19","POPAYAN","19,001","Mi Casa Ya","2,024","841","29,510,000,000","URBANO"
"CAUCA","19","POPAYAN","19,001","Mi Casa Ya","2,025","29","1,153,035,000","URBANO"
"CAUCA","19","PUERTO TEJADA","19,573","Mi Casa Ya","2,022","343","8,274,742,760","URBANO"
"CAUCA","19","PUERTO TEJADA","19,573","Mi Casa Ya","2,023","149","4,744,400,000","URBANO"
"CAUCA","19","PUERTO TEJADA","19,573","Mi Casa Ya","2,024","736","25,701,000,000","URBANO"
"CAUCA","19","PUERTO TEJADA","19,573","Mi Casa Ya","2,025","547","21,751,080,000","URBANO"
"CAUCA","19","SANTANDER DE QUILICHAO","19,698","Mi Casa Ya","2,022","73","1,730,666,180","URBANO"
"CAUCA","19","SANTANDER DE QUILICHAO","19,698","Mi Casa Ya","2,023","130","4,118,000,000","URBANO"
"CAUCA","19","SANTANDER DE QUILICHAO","19,698","Mi Casa Ya","2,024","18","572,000,000","URBANO"
"CAUCA","19","VILLA RICA","19,845","Mi Casa Ya","2,022","18","448,170,520","URBANO"
"CAUCA","19","VILLA RICA","19,845","Mi Casa Ya","2,023","10","348,000,000","URBANO"
"CAUCA","19","VILLA RICA","19,845","Mi Casa Ya","2,024","9","338,000,000","URBANO"
"CAUCA","19","VILLA RICA","19,845","Mi Casa Ya","2,025","16","654,810,000","URBANO"
"CESAR","20","AGUACHICA","20,011","Mi Casa Ya","2,022","16","378,170,520","URBANO"
"CESAR","20","AGUACHICA","20,011","Mi Casa Ya","2,023","12","382,800,000","URBANO"
"CESAR","20","AGUACHICA","20,011","Mi Casa Ya","2,024","30","1,040,000,000","URBANO"
"CESAR","20","AGUSTIN CODAZZI","20,013","Mi Casa Ya","2,024","81","2,990,000,000","URBANO"
"CESAR","20","BOSCONIA","20,060","Mi Casa Ya","2,022","1","20,000,000","URBANO"
"CESAR","20","BOSCONIA","20,060","Mi Casa Ya","2,024","95","2,470,000,000","URBANO"
"CESAR","20","BOSCONIA","20,060","Mi Casa Ya","2,025","2","56,940,000","URBANO"
"CESAR","20","ROBLES (LA PAZ)","20,621","Mi Casa Ya","2,022","12","360,000,000","URBANO"
"CESAR","20","ROBLES (LA PAZ)","20,621","Mi Casa Ya","2,023","25","870,000,000","URBANO"
"CESAR","20","ROBLES (LA PAZ)","20,621","Mi Casa Ya","2,024","15","546,000,000","URBANO"
"CESAR","20","SAN DIEGO","20,750","Mi Casa Ya","2,022","2","60,000,000","URBANO"
"CESAR","20","SAN DIEGO","20,750","Mi Casa Ya","2,023","6","208,800,000","URBANO"
"CESAR","20","SAN DIEGO","20,750","Mi Casa Ya","2,024","14","546,000,000","URBANO"
"CESAR","20","SAN MARTIN","20,770","Mi Casa Ya","2,022","2","50,000,000","URBANO"
"CESAR","20","SAN MARTIN","20,770","Mi Casa Ya","2,023","63","2,180,800,000","URBANO"
"CESAR","20","SAN MARTIN","20,770","Mi Casa Ya","2,024","18","689,000,000","URBANO"
"CESAR","20","VALLEDUPAR","20,001","Mi Casa Ya","2,022","1,052","27,585,702,280","URBANO"
"CESAR","20","VALLEDUPAR","20,001","Mi Casa Ya","2,023","1,357","45,483,600,000","URBANO"
"CESAR","20","VALLEDUPAR","20,001","Mi Casa Ya","2,024","1,343","48,945,000,000","URBANO"
"CESAR","20","VALLEDUPAR","20,001","Mi Casa Ya","2,025","135","5,423,535,000","URBANO"
"CORDOBA","23","CERETE","23,162","Mi Casa Ya","2,022","103","2,699,565,020","URBANO"
"CORDOBA","23","CERETE","23,162","Mi Casa Ya","2,023","112","3,619,200,000","URBANO"
"CORDOBA","23","CERETE","23,162","Mi Casa Ya","2,024","108","3,822,000,000","URBANO"
"CORDOBA","23","CERETE","23,162","Mi Casa Ya","2,025","3","99,645,000","URBANO"
"CORDOBA","23","CHINU","23,182","Mi Casa Ya","2,022","49","1,378,170,520","URBANO"
"CORDOBA","23","CHINU","23,182","Mi Casa Ya","2,023","13","440,800,000","URBANO"
"CORDOBA","23","CHINU","23,182","Mi Casa Ya","2,024","10","364,000,000","URBANO"
"CORDOBA","23","CIENAGA DE ORO","23,189","Mi Casa Ya","2,025","9","384,345,000","URBANO"
"CORDOBA","23","LORICA","23,417","Mi Casa Ya","2,022","15","348,170,520","URBANO"
"CORDOBA","23","LORICA","23,417","Mi Casa Ya","2,023","13","429,200,000","URBANO"
"CORDOBA","23","LORICA","23,417","Mi Casa Ya","2,024","11","429,000,000","URBANO"
"CORDOBA","23","MOMIL","23,464","Mi Casa Ya","2,023","3","104,400,000","URBANO"
"CORDOBA","23","MONTERIA","23,001","Mi Casa Ya","2,022","495","12,250,231,200","URBANO"
"CORDOBA","23","MONTERIA","23,001","Mi Casa Ya","2,023","648","20,265,200,000","URBANO"
"CORDOBA","23","MONTERIA","23,001","Mi Casa Ya","2,024","369","12,532,000,000","URBANO"
"CORDOBA","23","MONTERIA","23,001","Mi Casa Ya","2,025","5","213,525,000","URBANO"
"CORDOBA","23","PLANETA RICA","23,555","Mi Casa Ya","2,022","3","70,000,000","URBANO"
"CORDOBA","23","PLANETA RICA","23,555","Mi Casa Ya","2,023","2","58,000,000","URBANO"
"CORDOBA","23","SAHAGUN","23,660","Mi Casa Ya","2,022","12","282,619,940","URBANO"
"CORDOBA","23","SAHAGUN","23,660","Mi Casa Ya","2,023","9","290,000,000","URBANO"
"CORDOBA","23","SAHAGUN","23,660","Mi Casa Ya","2,024","41","1,456,000,000","URBANO"
"CORDOBA","23","SAHAGUN","23,660","Mi Casa Ya","2,025","14","569,400,000","URBANO"
"CORDOBA","23","TIERRALTA","23,807","Mi Casa Ya","2,023","11","348,000,000","URBANO"
"CORDOBA","23","TIERRALTA","23,807","Mi Casa Ya","2,024","7","260,000,000","URBANO"
"CUNDINAMARCA","25","ANAPOIMA","25,035","Mi Casa Ya","2,022","1","20,000,000","URBANO"
"CUNDINAMARCA","25","ANAPOIMA","25,035","Mi Casa Ya","2,024","6","156,000,000","URBANO"
"CUNDINAMARCA","25","APULO","25,599","Mi Casa Ya","2,022","23","456,341,040","URBANO"
"CUNDINAMARCA","25","APULO","25,599","Mi Casa Ya","2,023","6","139,200,000","URBANO"
"CUNDINAMARCA","25","APULO","25,599","Mi Casa Ya","2,024","33","871,000,000","URBANO"
"CUNDINAMARCA","25","BOJACA","25,099","Mi Casa Ya","2,023","1","23,200,000","URBANO"
"CUNDINAMARCA","25","BOJACA","25,099","Mi Casa Ya","2,024","1","26,000,000","URBANO"
"CUNDINAMARCA","25","CAJICA","25,126","Mi Casa Ya","2,022","84","1,678,170,520","URBANO"
"CUNDINAMARCA","25","CAJICA","25,126","Mi Casa Ya","2,023","46","1,078,800,000","URBANO"
"CUNDINAMARCA","25","CAJICA","25,126","Mi Casa Ya","2,024","31","806,000,000","URBANO"
"CUNDINAMARCA","25","CAJICA","25,126","Mi Casa Ya","2,025","66","1,879,020,000","URBANO"
"CUNDINAMARCA","25","CAPARRAPI","25,148","Mi Casa Ya","2,022","4","120,000,000","URBANO"
"CUNDINAMARCA","25","CHIA","25,175","Mi Casa Ya","2,022","130","2,555,115,600","URBANO"
"CUNDINAMARCA","25","CHIA","25,175","Mi Casa Ya","2,023","297","6,925,200,000","URBANO"
"CUNDINAMARCA","25","CHIA","25,175","Mi Casa Ya","2,024","335","8,723,000,000","URBANO"
"CUNDINAMARCA","25","CHIA","25,175","Mi Casa Ya","2,025","3","85,410,000","URBANO"
"CUNDINAMARCA","25","CHOCONTA","25,183","Mi Casa Ya","2,022","34","700,000,000","URBANO"
"CUNDINAMARCA","25","CHOCONTA","25,183","Mi Casa Ya","2,023","16","382,800,000","URBANO"
"CUNDINAMARCA","25","CHOCONTA","25,183","Mi Casa Ya","2,024","8","221,000,000","URBANO"
"CUNDINAMARCA","25","COTA","25,214","Mi Casa Ya","2,024","1","26,000,000","URBANO"
"CUNDINAMARCA","25","CUCUNUBA","25,224","Mi Casa Ya","2,022","2","40,000,000","URBANO"
"CUNDINAMARCA","25","CUCUNUBA","25,224","Mi Casa Ya","2,023","13","301,600,000","URBANO"
"CUNDINAMARCA","25","CUCUNUBA","25,224","Mi Casa Ya","2,024","18","468,000,000","URBANO"
"CUNDINAMARCA","25","CUCUNUBA","25,224","Mi Casa Ya","2,025","1","28,470,000","URBANO"
"CUNDINAMARCA","25","EL COLEGIO","25,245","Mi Casa Ya","2,022","1","20,000,000","URBANO"
"CUNDINAMARCA","25","EL COLEGIO","25,245","Mi Casa Ya","2,023","5","116,000,000","URBANO"
"CUNDINAMARCA","25","EL COLEGIO","25,245","Mi Casa Ya","2,024","41","1,079,000,000","URBANO"
"CUNDINAMARCA","25","EL COLEGIO","25,245","Mi Casa Ya","2,025","3","85,410,000","URBANO"
"CUNDINAMARCA","25","EL ROSAL","25,260","Mi Casa Ya","2,022","161","3,215,364,160","URBANO"
"CUNDINAMARCA","25","EL ROSAL","25,260","Mi Casa Ya","2,023","333","7,737,200,000","URBANO"
"CUNDINAMARCA","25","EL ROSAL","25,260","Mi Casa Ya","2,024","243","6,357,000,000","URBANO"
"CUNDINAMARCA","25","EL ROSAL","25,260","Mi Casa Ya","2,025","1","28,470,000","URBANO"
"CUNDINAMARCA","25","FACATATIVA","25,269","Mi Casa Ya","2,022","48","949,023,120","URBANO"
"CUNDINAMARCA","25","FACATATIVA","25,269","Mi Casa Ya","2,023","3","69,600,000","URBANO"
"CUNDINAMARCA","25","FACATATIVA","25,269","Mi Casa Ya","2,024","3","78,000,000","URBANO"
"CUNDINAMARCA","25","FUNZA","25,286","Mi Casa Ya","2,022","4","78,170,520","URBANO"
"CUNDINAMARCA","25","FUNZA","25,286","Mi Casa Ya","2,023","122","2,830,400,000","URBANO"
"CUNDINAMARCA","25","FUNZA","25,286","Mi Casa Ya","2,024","214","5,590,000,000","URBANO"
"CUNDINAMARCA","25","FUNZA","25,286","Mi Casa Ya","2,025","4","113,880,000","URBANO"
"CUNDINAMARCA","25","FUSAGASUGA","25,290","Mi Casa Ya","2,022","98","1,955,364,160","URBANO"
"CUNDINAMARCA","25","FUSAGASUGA","25,290","Mi Casa Ya","2,023","83","1,925,600,000","URBANO"
"CUNDINAMARCA","25","FUSAGASUGA","25,290","Mi Casa Ya","2,024","48","1,274,000,000","URBANO"
"CUNDINAMARCA","25","GACHANCIPA","25,295","Mi Casa Ya","2,022","82","1,619,875,720","URBANO"
"CUNDINAMARCA","25","GACHANCIPA","25,295","Mi Casa Ya","2,023","105","2,436,000,000","URBANO"
"CUNDINAMARCA","25","GACHANCIPA","25,295","Mi Casa Ya","2,024","17","442,000,000","URBANO"
"CUNDINAMARCA","25","GIRARDOT","25,307","Mi Casa Ya","2,022","471","9,442,975,420","URBANO"
"CUNDINAMARCA","25","GIRARDOT","25,307","Mi Casa Ya","2,023","125","2,934,800,000","URBANO"
"CUNDINAMARCA","25","GIRARDOT","25,307","Mi Casa Ya","2,024","63","1,716,000,000","URBANO"
"CUNDINAMARCA","25","GIRARDOT","25,307","Mi Casa Ya","2,025","1","28,470,000","URBANO"
"CUNDINAMARCA","25","GUASCA","25,322","Mi Casa Ya","2,022","10","211,767,340","URBANO"
"CUNDINAMARCA","25","LA CALERA","25,377","Mi Casa Ya","2,022","72","1,405,239,880","URBANO"
"CUNDINAMARCA","25","LA CALERA","25,377","Mi Casa Ya","2,023","32","742,400,000","URBANO"
"CUNDINAMARCA","25","LA CALERA","25,377","Mi Casa Ya","2,024","8","208,000,000","URBANO"
"CUNDINAMARCA","25","LA MESA","25,386","Mi Casa Ya","2,022","33","670,852,600","URBANO"
"CUNDINAMARCA","25","LA MESA","25,386","Mi Casa Ya","2,023","3","81,200,000","URBANO"
"CUNDINAMARCA","25","LA MESA","25,386","Mi Casa Ya","2,024","7","182,000,000","URBANO"
"CUNDINAMARCA","25","MADRID","25,430","Mi Casa Ya","2,022","687","13,730,231,200","URBANO"
"CUNDINAMARCA","25","MADRID","25,430","Mi Casa Ya","2,023","354","8,236,000,000","URBANO"
"CUNDINAMARCA","25","MADRID","25,430","Mi Casa Ya","2,024","334","8,736,000,000","URBANO"
"CUNDINAMARCA","25","MADRID","25,430","Mi Casa Ya","2,025","3","85,410,000","URBANO"
"CUNDINAMARCA","25","MOSQUERA","25,473","Mi Casa Ya","2,022","34","647,069,360","URBANO"
"CUNDINAMARCA","25","MOSQUERA","25,473","Mi Casa Ya","2,023","419","9,720,800,000","URBANO"
"CUNDINAMARCA","25","MOSQUERA","25,473","Mi Casa Ya","2,024","137","3,562,000,000","URBANO"
"CUNDINAMARCA","25","NEMOCON","25,486","Mi Casa Ya","2,022","120","2,392,682,080","URBANO"
"CUNDINAMARCA","25","NEMOCON","25,486","Mi Casa Ya","2,023","46","1,067,200,000","URBANO"
"CUNDINAMARCA","25","NEMOCON","25,486","Mi Casa Ya","2,024","289","7,540,000,000","URBANO"
"CUNDINAMARCA","25","NEMOCON","25,486","Mi Casa Ya","2,025","3","85,410,000","URBANO"
"CUNDINAMARCA","25","NILO","25,488","Mi Casa Ya","2,022","60","1,201,705,200","URBANO"
"CUNDINAMARCA","25","PACHO","25,513","Mi Casa Ya","2,022","2","40,000,000","URBANO"
"CUNDINAMARCA","25","PACHO","25,513","Mi Casa Ya","2,023","3","66,400,000","URBANO"
"CUNDINAMARCA","25","PACHO","25,513","Mi Casa Ya","2,025","1","28,470,000","URBANO"
"CUNDINAMARCA","25","PUERTO SALGAR","25,572","Mi Casa Ya","2,022","1","20,000,000","URBANO"
"CUNDINAMARCA","25","RICAURTE","25,612","Mi Casa Ya","2,022","185","3,735,177,740","URBANO"
"CUNDINAMARCA","25","RICAURTE","25,612","Mi Casa Ya","2,023","49","1,156,800,000","URBANO"
"CUNDINAMARCA","25","RICAURTE","25,612","Mi Casa Ya","2,024","71","1,872,000,000","URBANO"
"CUNDINAMARCA","25","RICAURTE","25,612","Mi Casa Ya","2,025","3","85,410,000","URBANO"
"CUNDINAMARCA","25","SIBATE","25,740","Mi Casa Ya","2,022","3","58,170,520","URBANO"
"CUNDINAMARCA","25","SIBATE","25,740","Mi Casa Ya","2,023","3","69,600,000","URBANO"
"CUNDINAMARCA","25","SIBATE","25,740","Mi Casa Ya","2,024","1","26,000,000","URBANO"
"CUNDINAMARCA","25","SILVANIA","25,743","Mi Casa Ya","2,022","1","20,000,000","URBANO"
"CUNDINAMARCA","25","SILVANIA","25,743","Mi Casa Ya","2,023","2","46,400,000","URBANO"
"CUNDINAMARCA","25","SILVANIA","25,743","Mi Casa Ya","2,024","2","52,000,000","URBANO"
"CUNDINAMARCA","25","SIMIJACA","25,745","Mi Casa Ya","2,022","1","20,000,000","URBANO"
"CUNDINAMARCA","25","SIMIJACA","25,745","Mi Casa Ya","2,023","2","58,000,000","URBANO"
"CUNDINAMARCA","25","SIMIJACA","25,745","Mi Casa Ya","2,024","1","26,000,000","URBANO"
"CUNDINAMARCA","25","SOACHA","25,754","Mi Casa Ya","2,022","3,409","68,014,877,100","URBANO"
"CUNDINAMARCA","25","SOACHA","25,754","Mi Casa Ya","2,023","1,286","30,044,000,000","URBANO"
"CUNDINAMARCA","25","SOACHA","25,754","Mi Casa Ya","2,024","731","19,045,000,000","URBANO"
"CUNDINAMARCA","25","SOACHA","25,754","Mi Casa Ya","2,025","26","740,220,000","URBANO"
"CUNDINAMARCA","25","SOPO","25,758","Mi Casa Ya","2,024","183","4,771,000,000","URBANO"
"CUNDINAMARCA","25","SOPO","25,758","Mi Casa Ya","2,025","1","28,470,000","URBANO"
"CUNDINAMARCA","25","TABIO","25,785","Mi Casa Ya","2,022","4","87,255,780","URBANO"
"CUNDINAMARCA","25","TENJO","25,799","Mi Casa Ya","2,022","1","20,000,000","URBANO"
"CUNDINAMARCA","25","TOCAIMA","25,815","Mi Casa Ya","2,022","45","950,000,000","URBANO"
"CUNDINAMARCA","25","TOCAIMA","25,815","Mi Casa Ya","2,023","1","23,200,000","URBANO"
"CUNDINAMARCA","25","TOCAIMA","25,815","Mi Casa Ya","2,024","1","26,000,000","URBANO"
"CUNDINAMARCA","25","TOCANCIPA","25,817","Mi Casa Ya","2,022","1,223","24,213,189,260","URBANO"
"CUNDINAMARCA","25","TOCANCIPA","25,817","Mi Casa Ya","2,023","163","3,793,200,000","URBANO"
"CUNDINAMARCA","25","TOCANCIPA","25,817","Mi Casa Ya","2,024","145","3,822,000,000","URBANO"
"CUNDINAMARCA","25","TOCANCIPA","25,817","Mi Casa Ya","2,025","8","227,760,000","URBANO"
"CUNDINAMARCA","25","VILLAPINZON","25,873","Mi Casa Ya","2,022","44","940,852,600","URBANO"
"CUNDINAMARCA","25","VILLETA","25,875","Mi Casa Ya","2,022","179","3,585,115,600","URBANO"
"CUNDINAMARCA","25","VILLETA","25,875","Mi Casa Ya","2,023","1","23,200,000","URBANO"
"CUNDINAMARCA","25","VILLETA","25,875","Mi Casa Ya","2,024","8","208,000,000","URBANO"
"CUNDINAMARCA","25","ZIPAQUIRA","25,899","Mi Casa Ya","2,022","573","11,408,091,020","URBANO"
"CUNDINAMARCA","25","ZIPAQUIRA","25,899","Mi Casa Ya","2,023","361","8,375,200,000","URBANO"
"CUNDINAMARCA","25","ZIPAQUIRA","25,899","Mi Casa Ya","2,024","403","10,530,000,000","URBANO"
"CUNDINAMARCA","25","ZIPAQUIRA","25,899","Mi Casa Ya","2,025","5","156,585,000","URBANO"
"GUAINIA","94","INIRIDA","94,001","Mi Casa Ya","2,023","1","23,200,000","URBANO"
"GUAINIA","94","INIRIDA","94,001","Mi Casa Ya","2,024","1","26,000,000","URBANO"
"GUAVIARE","95","EL RETORNO","95,025","Mi Casa Ya","2,022","1","20,000,000","URBANO"
"GUAVIARE","95","SAN JOSE DEL GUAVIARE","95,001","Mi Casa Ya","2,022","64","1,542,619,940","URBANO"
"GUAVIARE","95","SAN JOSE DEL GUAVIARE","95,001","Mi Casa Ya","2,023","79","2,366,400,000","URBANO"
"GUAVIARE","95","SAN JOSE DEL GUAVIARE","95,001","Mi Casa Ya","2,024","39","1,261,000,000","URBANO"
"GUAVIARE","95","SAN JOSE DEL GUAVIARE","95,001","Mi Casa Ya","2,025","1","28,470,000","URBANO"
"HUILA","41","ALGECIRAS","41,020","Mi Casa Ya","2,022","8","234,511,560","URBANO"
"HUILA","41","ALGECIRAS","41,020","Mi Casa Ya","2,023","4","139,200,000","URBANO"
"HUILA","41","ALGECIRAS","41,020","Mi Casa Ya","2,024","1","26,000,000","URBANO"
"HUILA","41","CAMPOALEGRE","41,132","Mi Casa Ya","2,023","6","174,000,000","URBANO"
"HUILA","41","CAMPOALEGRE","41,132","Mi Casa Ya","2,024","8","273,000,000","URBANO"
"HUILA","41","GARZON","41,298","Mi Casa Ya","2,022","22","524,449,420","URBANO"
"HUILA","41","GARZON","41,298","Mi Casa Ya","2,023","4","127,600,000","RURAL"
"HUILA","41","GARZON","41,298","Mi Casa Ya","2,023","3","81,200,000","URBANO"
"HUILA","41","GARZON","41,298","Mi Casa Ya","2,024","7","260,000,000","RURAL"
"HUILA","41","GARZON","41,298","Mi Casa Ya","2,024","5","143,000,000","URBANO"
"HUILA","41","GIGANTE","41,306","Mi Casa Ya","2,022","1","20,000,000","URBANO"
"HUILA","41","GIGANTE","41,306","Mi Casa Ya","2,023","1","34,800,000","URBANO"
"HUILA","41","GIGANTE","41,306","Mi Casa Ya","2,024","5","195,000,000","URBANO"
"HUILA","41","GIGANTE","41,306","Mi Casa Ya","2,025","1","42,705,000","URBANO"
"HUILA","41","ISNOS","41,359","Mi Casa Ya","2,023","65","2,088,000,000","URBANO"
"HUILA","41","ISNOS","41,359","Mi Casa Ya","2,024","25","884,000,000","URBANO"
"HUILA","41","LA ARGENTINA","41,378","Mi Casa Ya","2,022","3","80,000,000","URBANO"
"HUILA","41","LA ARGENTINA","41,378","Mi Casa Ya","2,023","1","34,800,000","URBANO"
"HUILA","41","LA ARGENTINA","41,378","Mi Casa Ya","2,024","1","39,000,000","URBANO"
"HUILA","41","LA PLATA","41,396","Mi Casa Ya","2,022","37","794,449,420","URBANO"
"HUILA","41","LA PLATA","41,396","Mi Casa Ya","2,023","90","2,923,200,000","URBANO"
"HUILA","41","LA PLATA","41,396","Mi Casa Ya","2,024","96","3,432,000,000","URBANO"
"HUILA","41","NEIVA","41,001","Mi Casa Ya","2,022","565","13,004,307,780","URBANO"
"HUILA","41","NEIVA","41,001","Mi Casa Ya","2,023","685","19,963,600,000","URBANO"
"HUILA","41","NEIVA","41,001","Mi Casa Ya","2,024","479","14,716,000,000","URBANO"
"HUILA","41","NEIVA","41,001","Mi Casa Ya","2,025","1","28,470,000","URBANO"
"HUILA","41","PALERMO","41,524","Mi Casa Ya","2,022","401","9,677,984,100","URBANO"
"HUILA","41","PALERMO","41,524","Mi Casa Ya","2,023","268","8,340,400,000","URBANO"
"HUILA","41","PALERMO","41,524","Mi Casa Ya","2,024","262","8,879,000,000","URBANO"
"HUILA","41","PALERMO","41,524","Mi Casa Ya","2,025","10","355,875,000","URBANO"
"HUILA","41","PITAL","41,548","Mi Casa Ya","2,022","35","1,050,000,000","URBANO"
"HUILA","41","PITAL","41,548","Mi Casa Ya","2,023","6","208,800,000","URBANO"
"HUILA","41","PITAL","41,548","Mi Casa Ya","2,024","1","39,000,000","URBANO"
"HUILA","41","PITALITO","41,551","Mi Casa Ya","2,022","297","8,017,424,840","URBANO"
"HUILA","41","PITALITO","41,551","Mi Casa Ya","2,023","216","6,600,400,000","URBANO"
"HUILA","41","PITALITO","41,551","Mi Casa Ya","2,024","488","16,757,000,000","URBANO"
"HUILA","41","PITALITO","41,551","Mi Casa Ya","2,025","4","142,350,000","URBANO"
"HUILA","41","RIVERA","41,615","Mi Casa Ya","2,022","104","2,918,108,380","URBANO"
"HUILA","41","RIVERA","41,615","Mi Casa Ya","2,023","68","2,142,800,000","URBANO"
"HUILA","41","RIVERA","41,615","Mi Casa Ya","2,024","67","2,366,000,000","URBANO"
"HUILA","41","RIVERA","41,615","Mi Casa Ya","2,025","11","441,285,000","URBANO"
"HUILA","41","SAN AGUSTIN","41,668","Mi Casa Ya","2,023","1","34,800,000","URBANO"
"HUILA","41","SAN AGUSTIN","41,668","Mi Casa Ya","2,024","68","2,548,000,000","URBANO"
"HUILA","41","SAN AGUSTIN","41,668","Mi Casa Ya","2,025","2","85,410,000","URBANO"
"LA GUAJIRA","44","BARRANCAS","44,078","Mi Casa Ya","2,022","22","510,790,460","URBANO"
"LA GUAJIRA","44","BARRANCAS","44,078","Mi Casa Ya","2,023","10","313,200,000","URBANO"
"LA GUAJIRA","44","BARRANCAS","44,078","Mi Casa Ya","2,024","14","429,000,000","URBANO"
"LA GUAJIRA","44","MAICAO","44,430","Mi Casa Ya","2,022","7","134,511,560","URBANO"
"LA GUAJIRA","44","MAICAO","44,430","Mi Casa Ya","2,024","5","182,000,000","URBANO"
"LA GUAJIRA","44","RIOHACHA","44,001","Mi Casa Ya","2,022","1","20,000,000","URBANO"
"LA GUAJIRA","44","RIOHACHA","44,001","Mi Casa Ya","2,023","6","150,800,000","URBANO"
"LA GUAJIRA","44","RIOHACHA","44,001","Mi Casa Ya","2,024","39","1,105,000,000","URBANO"
"LA GUAJIRA","44","SAN JUAN DEL CESAR","44,650","Mi Casa Ya","2,022","42","898,046,240","URBANO"
"LA GUAJIRA","44","SAN JUAN DEL CESAR","44,650","Mi Casa Ya","2,023","47","1,438,400,000","URBANO"
"LA GUAJIRA","44","SAN JUAN DEL CESAR","44,650","Mi Casa Ya","2,024","34","1,118,000,000","URBANO"
"LA GUAJIRA","44","SAN JUAN DEL CESAR","44,650","Mi Casa Ya","2,025","1","42,705,000","URBANO"
"MAGDALENA","47","ARACATACA","47,053","Mi Casa Ya","2,022","2","50,000,000","URBANO"
"MAGDALENA","47","EL BANCO","47,245","Mi Casa Ya","2,022","27","697,984,100","URBANO"
"MAGDALENA","47","EL BANCO","47,245","Mi Casa Ya","2,023","7","220,400,000","URBANO"
"MAGDALENA","47","EL BANCO","47,245","Mi Casa Ya","2,024","2","78,000,000","URBANO"
"MAGDALENA","47","SANTA MARTA","47,001","Mi Casa Ya","2,022","884","22,810,586,680","URBANO"
"MAGDALENA","47","SANTA MARTA","47,001","Mi Casa Ya","2,023","870","27,480,400,000","URBANO"
"MAGDALENA","47","SANTA MARTA","47,001","Mi Casa Ya","2,024","231","7,592,000,000","URBANO"
"MAGDALENA","47","SANTA MARTA","47,001","Mi Casa Ya","2,025","2","85,410,000","URBANO"
"MAGDALENA","47","ZONA BANANERA","47,980","Mi Casa Ya","2,023","9","313,200,000","URBANO"
"MAGDALENA","47","ZONA BANANERA","47,980","Mi Casa Ya","2,024","12","390,000,000","URBANO"
"META","50","ACACIAS","50,006","Mi Casa Ya","2,022","122","3,096,278,900","URBANO"
"META","50","ACACIAS","50,006","Mi Casa Ya","2,023","129","3,997,200,000","URBANO"
"META","50","ACACIAS","50,006","Mi Casa Ya","2,024","45","1,313,000,000","URBANO"
"META","50","ACACIAS","50,006","Mi Casa Ya","2,025","2","56,940,000","URBANO"
"META","50","BARRANCA DE UPIA","50,110","Mi Casa Ya","2,022","2","40,000,000","URBANO"
"META","50","BARRANCA DE UPIA","50,110","Mi Casa Ya","2,023","7","208,800,000","URBANO"
"META","50","BARRANCA DE UPIA","50,110","Mi Casa Ya","2,024","23","793,000,000","URBANO"
"META","50","CUBARRAL","50,223","Mi Casa Ya","2,022","3","65,426,300","URBANO"
"META","50","CUBARRAL","50,223","Mi Casa Ya","2,023","2","69,600,000","URBANO"
"META","50","GRANADA","50,313","Mi Casa Ya","2,022","112","2,978,836,700","URBANO"
"META","50","GRANADA","50,313","Mi Casa Ya","2,023","69","2,331,600,000","URBANO"
"META","50","GRANADA","50,313","Mi Casa Ya","2,024","95","3,588,000,000","URBANO"
"META","50","GRANADA","50,313","Mi Casa Ya","2,025","1","42,705,000","URBANO"
"META","50","LEJANIAS","50,400","Mi Casa Ya","2,022","12","312,682,080","URBANO"
"META","50","LEJANIAS","50,400","Mi Casa Ya","2,023","9","290,000,000","URBANO"
"META","50","PUERTO LOPEZ","50,573","Mi Casa Ya","2,022","9","187,255,780","URBANO"
"META","50","PUERTO LOPEZ","50,573","Mi Casa Ya","2,023","5","139,200,000","URBANO"
"META","50","PUERTO LOPEZ","50,573","Mi Casa Ya","2,024","8","299,000,000","URBANO"
"META","50","RESTREPO","50,606","Mi Casa Ya","2,022","149","3,022,122,820","URBANO"
"META","50","RESTREPO","50,606","Mi Casa Ya","2,023","144","3,654,000,000","URBANO"
"META","50","RESTREPO","50,606","Mi Casa Ya","2,024","168","4,836,000,000","URBANO"
"META","50","SAN CARLOS DE GUAROA","50,680","Mi Casa Ya","2,022","3","90,000,000","URBANO"
"META","50","SAN CARLOS DE GUAROA","50,680","Mi Casa Ya","2,023","1","34,800,000","URBANO"
"META","50","SAN CARLOS DE GUAROA","50,680","Mi Casa Ya","2,024","5","195,000,000","URBANO"
"META","50","SAN MARTIN","50,689","Mi Casa Ya","2,022","25","649,875,720","URBANO"
"META","50","SAN MARTIN","50,689","Mi Casa Ya","2,023","24","754,000,000","URBANO"
"META","50","SAN MARTIN","50,689","Mi Casa Ya","2,024","22","689,000,000","URBANO"
"META","50","VILLAVICENCIO","50,001","Mi Casa Ya","2,022","834","19,146,492,740","URBANO"
"META","50","VILLAVICENCIO","50,001","Mi Casa Ya","2,023","339","9,430,800,000","URBANO"
"META","50","VILLAVICENCIO","50,001","Mi Casa Ya","2,024","569","17,264,000,000","URBANO"
"META","50","VILLAVICENCIO","50,001","Mi Casa Ya","2,025","12","427,050,000","URBANO"
"NARIÑO","52","BUESACO","52,110","Mi Casa Ya","2,023","96","3,329,200,000","URBANO"
"NARIÑO","52","BUESACO","52,110","Mi Casa Ya","2,024","1","39,000,000","URBANO"
"NARIÑO","52","CHACHAGUI","52,240","Mi Casa Ya","2,023","23","707,600,000","URBANO"
"NARIÑO","52","CHACHAGUI","52,240","Mi Casa Ya","2,024","2","65,000,000","URBANO"
"NARIÑO","52","GUACHUCAL","52,317","Mi Casa Ya","2,022","30","864,449,420","URBANO"
"NARIÑO","52","GUACHUCAL","52,317","Mi Casa Ya","2,023","6","197,200,000","URBANO"
"NARIÑO","52","GUACHUCAL","52,317","Mi Casa Ya","2,024","3","117,000,000","URBANO"
"NARIÑO","52","IPIALES","52,356","Mi Casa Ya","2,022","20","511,767,340","URBANO"
"NARIÑO","52","IPIALES","52,356","Mi Casa Ya","2,023","12","406,000,000","URBANO"
"NARIÑO","52","IPIALES","52,356","Mi Casa Ya","2,024","34","1,053,000,000","URBANO"
"NARIÑO","52","IPIALES","52,356","Mi Casa Ya","2,025","1","28,470,000","URBANO"
"NARIÑO","52","PASTO","52,001","Mi Casa Ya","2,022","453","10,901,812,120","URBANO"
"NARIÑO","52","PASTO","52,001","Mi Casa Ya","2,023","840","25,902,800,000","URBANO"
"NARIÑO","52","PASTO","52,001","Mi Casa Ya","2,024","497","16,094,000,000","URBANO"
"NARIÑO","52","PASTO","52,001","Mi Casa Ya","2,025","5","185,055,000","URBANO"
"NARIÑO","52","SAMANIEGO","52,678","Mi Casa Ya","2,022","5","140,000,000","URBANO"
"NARIÑO","52","SAMANIEGO","52,678","Mi Casa Ya","2,023","3","104,400,000","URBANO"
"NARIÑO","52","SAMANIEGO","52,678","Mi Casa Ya","2,024","14","533,000,000","URBANO"
"NORTE DE SANTANDER","54","ABREGO","54,003","Mi Casa Ya","2,022","7","210,000,000","URBANO"
"NORTE DE SANTANDER","54","ABREGO","54,003","Mi Casa Ya","2,023","2","69,600,000","URBANO"
"NORTE DE SANTANDER","54","ABREGO","54,003","Mi Casa Ya","2,024","1","39,000,000","URBANO"
"NORTE DE SANTANDER","54","CHINACOTA","54,172","Mi Casa Ya","2,022","15","351,643,060","URBANO"
"NORTE DE SANTANDER","54","CHINACOTA","54,172","Mi Casa Ya","2,023","16","533,600,000","URBANO"
"NORTE DE SANTANDER","54","CHINACOTA","54,172","Mi Casa Ya","2,024","49","1,794,000,000","URBANO"
"NORTE DE SANTANDER","54","CHINACOTA","54,172","Mi Casa Ya","2,025","1","42,705,000","URBANO"
"NORTE DE SANTANDER","54","CUCUTA","54,001","Mi Casa Ya","2,022","1,071","29,522,336,660","URBANO"
"NORTE DE SANTANDER","54","CUCUTA","54,001","Mi Casa Ya","2,023","950","31,726,000,000","URBANO"
"NORTE DE SANTANDER","54","CUCUTA","54,001","Mi Casa Ya","2,024","619","22,880,000,000","URBANO"
"NORTE DE SANTANDER","54","CUCUTA","54,001","Mi Casa Ya","2,025","16","597,870,000","URBANO"
"NORTE DE SANTANDER","54","EL ZULIA","54,261","Mi Casa Ya","2,022","38","1,104,511,560","URBANO"
"NORTE DE SANTANDER","54","EL ZULIA","54,261","Mi Casa Ya","2,023","141","4,814,000,000","URBANO"
"NORTE DE SANTANDER","54","EL ZULIA","54,261","Mi Casa Ya","2,024","102","3,822,000,000","URBANO"
"NORTE DE SANTANDER","54","LOS PATIOS","54,405","Mi Casa Ya","2,022","646","16,573,890,160","URBANO"
"NORTE DE SANTANDER","54","LOS PATIOS","54,405","Mi Casa Ya","2,023","582","19,279,200,000","URBANO"
"NORTE DE SANTANDER","54","LOS PATIOS","54,405","Mi Casa Ya","2,024","370","13,546,000,000","URBANO"
"NORTE DE SANTANDER","54","LOS PATIOS","54,405","Mi Casa Ya","2,025","15","640,575,000","URBANO"
"NORTE DE SANTANDER","54","OCAÑA","54,498","Mi Casa Ya","2,022","41","1,116,341,040","URBANO"
"NORTE DE SANTANDER","54","OCAÑA","54,498","Mi Casa Ya","2,023","27","916,400,000","URBANO"
"NORTE DE SANTANDER","54","OCAÑA","54,498","Mi Casa Ya","2,024","20","741,000,000","URBANO"
"NORTE DE SANTANDER","54","PAMPLONA","54,518","Mi Casa Ya","2,022","21","555,426,300","URBANO"
"NORTE DE SANTANDER","54","PAMPLONA","54,518","Mi Casa Ya","2,023","17","556,800,000","URBANO"
"NORTE DE SANTANDER","54","PAMPLONA","54,518","Mi Casa Ya","2,024","73","2,704,000,000","URBANO"
"NORTE DE SANTANDER","54","VILLA DEL ROSARIO","54,874","Mi Casa Ya","2,022","615","15,747,904,600","URBANO"
"NORTE DE SANTANDER","54","VILLA DEL ROSARIO","54,874","Mi Casa Ya","2,023","730","23,977,200,000","URBANO"
"NORTE DE SANTANDER","54","VILLA DEL ROSARIO","54,874","Mi Casa Ya","2,024","694","25,454,000,000","URBANO"
"NORTE DE SANTANDER","54","VILLA DEL ROSARIO","54,874","Mi Casa Ya","2,025","79","3,274,050,000","URBANO"
"PUTUMAYO","86","ORITO","86,320","Mi Casa Ya","2,022","13","367,255,780","URBANO"
"PUTUMAYO","86","ORITO","86,320","Mi Casa Ya","2,023","3","104,400,000","URBANO"
"PUTUMAYO","86","ORITO","86,320","Mi Casa Ya","2,024","3","104,000,000","URBANO"
"QUINDIO","63","ARMENIA","63,001","Mi Casa Ya","2,022","839","22,963,890,160","URBANO"
"QUINDIO","63","ARMENIA","63,001","Mi Casa Ya","2,023","526","16,762,000,000","URBANO"
"QUINDIO","63","ARMENIA","63,001","Mi Casa Ya","2,024","362","12,155,000,000","URBANO"
"QUINDIO","63","ARMENIA","63,001","Mi Casa Ya","2,025","5","199,290,000","URBANO"
"QUINDIO","63","CALARCA","63,130","Mi Casa Ya","2,022","152","3,925,115,600","URBANO"
"QUINDIO","63","CALARCA","63,130","Mi Casa Ya","2,023","97","3,050,800,000","URBANO"
"QUINDIO","63","CALARCA","63,130","Mi Casa Ya","2,024","33","1,183,000,000","URBANO"
"QUINDIO","63","CALARCA","63,130","Mi Casa Ya","2,025","288","11,644,230,000","URBANO"
"QUINDIO","63","CIRCASIA","63,190","Mi Casa Ya","2,022","5","120,000,000","URBANO"
"QUINDIO","63","CIRCASIA","63,190","Mi Casa Ya","2,023","10","313,200,000","URBANO"
"QUINDIO","63","CIRCASIA","63,190","Mi Casa Ya","2,024","48","1,703,000,000","URBANO"
"QUINDIO","63","CIRCASIA","63,190","Mi Casa Ya","2,025","3","113,880,000","URBANO"
"QUINDIO","63","CORDOBA","63,212","Mi Casa Ya","2,022","7","200,000,000","URBANO"
"QUINDIO","63","LA TEBAIDA","63,401","Mi Casa Ya","2,022","3","70,000,000","URBANO"
"QUINDIO","63","LA TEBAIDA","63,401","Mi Casa Ya","2,023","4","127,600,000","URBANO"
"QUINDIO","63","MONTENEGRO","63,470","Mi Casa Ya","2,022","115","3,280,000,000","URBANO"
"QUINDIO","63","MONTENEGRO","63,470","Mi Casa Ya","2,023","8","266,800,000","URBANO"
"QUINDIO","63","MONTENEGRO","63,470","Mi Casa Ya","2,024","3","117,000,000","URBANO"
"QUINDIO","63","PIJAO","63,548","Mi Casa Ya","2,022","11","330,000,000","URBANO"
"QUINDIO","63","PIJAO","63,548","Mi Casa Ya","2,023","1","34,800,000","URBANO"
"QUINDIO","63","PIJAO","63,548","Mi Casa Ya","2,024","3","104,000,000","URBANO"
"QUINDIO","63","QUIMBAYA","63,594","Mi Casa Ya","2,022","296","8,418,322,220","URBANO"
"QUINDIO","63","QUIMBAYA","63,594","Mi Casa Ya","2,023","75","2,552,000,000","URBANO"
"RISARALDA","66","BELEN DE UMBRIA","66,088","Mi Casa Ya","2,022","2","60,000,000","URBANO"
"RISARALDA","66","DOSQUEBRADAS","66,170","Mi Casa Ya","2,022","754","19,543,144,480","URBANO"
"RISARALDA","66","DOSQUEBRADAS","66,170","Mi Casa Ya","2,023","713","21,460,000,000","URBANO"
"RISARALDA","66","DOSQUEBRADAS","66,170","Mi Casa Ya","2,024","21","676,000,000","RURAL"
"RISARALDA","66","DOSQUEBRADAS","66,170","Mi Casa Ya","2,024","552","17,836,000,000","URBANO"
"RISARALDA","66","DOSQUEBRADAS","66,170","Mi Casa Ya","2,025","1","28,470,000","URBANO"
"RISARALDA","66","PEREIRA","66,001","Mi Casa Ya","2,022","556","13,643,890,160","URBANO"
"RISARALDA","66","PEREIRA","66,001","Mi Casa Ya","2,023","465","13,815,600,000","URBANO"
"RISARALDA","66","PEREIRA","66,001","Mi Casa Ya","2,024","261","8,268,000,000","URBANO"
"RISARALDA","66","PEREIRA","66,001","Mi Casa Ya","2,025","2","71,175,000","URBANO"
"RISARALDA","66","QUINCHIA","66,594","Mi Casa Ya","2,022","14","417,255,780","URBANO"
"RISARALDA","66","QUINCHIA","66,594","Mi Casa Ya","2,023","8","278,400,000","URBANO"
"RISARALDA","66","QUINCHIA","66,594","Mi Casa Ya","2,024","7","273,000,000","URBANO"
"RISARALDA","66","SANTA ROSA DE CABAL","66,682","Mi Casa Ya","2,022","172","4,653,161,840","URBANO"
"RISARALDA","66","SANTA ROSA DE CABAL","66,682","Mi Casa Ya","2,023","232","7,598,000,000","URBANO"
"RISARALDA","66","SANTA ROSA DE CABAL","66,682","Mi Casa Ya","2,024","1","39,000,000","RURAL"
"RISARALDA","66","SANTA ROSA DE CABAL","66,682","Mi Casa Ya","2,024","160","5,954,000,000","URBANO"
"RISARALDA","66","SANTA ROSA DE CABAL","66,682","Mi Casa Ya","2,025","2","85,410,000","URBANO"
"SANTANDER","68","BARBOSA","68,077","Mi Casa Ya","2,022","5","120,000,000","URBANO"
"SANTANDER","68","BARBOSA","68,077","Mi Casa Ya","2,023","10","313,200,000","URBANO"
"SANTANDER","68","BARBOSA","68,077","Mi Casa Ya","2,024","9","338,000,000","URBANO"
"SANTANDER","68","BARBOSA","68,077","Mi Casa Ya","2,025","1","42,705,000","URBANO"
"SANTANDER","68","BARRANCABERMEJA","68,081","Mi Casa Ya","2,022","88","2,024,325,140","URBANO"
"SANTANDER","68","BARRANCABERMEJA","68,081","Mi Casa Ya","2,023","129","3,329,200,000","URBANO"
"SANTANDER","68","BARRANCABERMEJA","68,081","Mi Casa Ya","2,024","123","3,666,000,000","URBANO"
"SANTANDER","68","BARRANCABERMEJA","68,081","Mi Casa Ya","2,025","1","28,470,000","URBANO"
"SANTANDER","68","BUCARAMANGA","68,001","Mi Casa Ya","2,022","537","12,954,076,580","URBANO"
"SANTANDER","68","BUCARAMANGA","68,001","Mi Casa Ya","2,023","507","15,358,400,000","URBANO"
"SANTANDER","68","BUCARAMANGA","68,001","Mi Casa Ya","2,024","461","14,872,000,000","URBANO"
"SANTANDER","68","BUCARAMANGA","68,001","Mi Casa Ya","2,025","38","1,395,030,000","URBANO"
"SANTANDER","68","CHARALA","68,167","Mi Casa Ya","2,022","6","118,170,520","URBANO"
"SANTANDER","68","CHARALA","68,167","Mi Casa Ya","2,023","4","92,800,000","URBANO"
"SANTANDER","68","CHARALA","68,167","Mi Casa Ya","2,024","3","78,000,000","URBANO"
"SANTANDER","68","CIMITARRA","68,190","Mi Casa Ya","2,022","3","60,000,000","URBANO"
"SANTANDER","68","CIMITARRA","68,190","Mi Casa Ya","2,023","1","23,200,000","URBANO"
"SANTANDER","68","CURITI","68,229","Mi Casa Ya","2,022","5","150,000,000","URBANO"
"SANTANDER","68","CURITI","68,229","Mi Casa Ya","2,023","1","34,800,000","URBANO"
"SANTANDER","68","FLORIDABLANCA","68,276","Mi Casa Ya","2,022","157","3,964,387,280","URBANO"
"SANTANDER","68","FLORIDABLANCA","68,276","Mi Casa Ya","2,023","166","5,452,000,000","URBANO"
"SANTANDER","68","FLORIDABLANCA","68,276","Mi Casa Ya","2,024","143","5,187,000,000","URBANO"
"SANTANDER","68","FLORIDABLANCA","68,276","Mi Casa Ya","2,025","143","5,608,590,000","URBANO"
"SANTANDER","68","GIRON","68,307","Mi Casa Ya","2,022","859","22,715,888,700","URBANO"
"SANTANDER","68","GIRON","68,307","Mi Casa Ya","2,023","4","139,200,000","RURAL"
"SANTANDER","68","GIRON","68,307","Mi Casa Ya","2,023","654","21,448,400,000","URBANO"
"SANTANDER","68","GIRON","68,307","Mi Casa Ya","2,024","1","39,000,000","RURAL"
"SANTANDER","68","GIRON","68,307","Mi Casa Ya","2,024","952","33,618,000,000","URBANO"
"SANTANDER","68","GIRON","68,307","Mi Casa Ya","2,025","20","825,630,000","URBANO"
"SANTANDER","68","GUEPSA","68,327","Mi Casa Ya","2,022","4","80,000,000","URBANO"
"SANTANDER","68","GUEPSA","68,327","Mi Casa Ya","2,023","4","92,800,000","URBANO"
"SANTANDER","68","GUEPSA","68,327","Mi Casa Ya","2,024","4","104,000,000","URBANO"
"SANTANDER","68","LEBRIJA","68,406","Mi Casa Ya","2,022","26","565,426,300","URBANO"
"SANTANDER","68","LEBRIJA","68,406","Mi Casa Ya","2,023","6","150,800,000","URBANO"
"SANTANDER","68","LEBRIJA","68,406","Mi Casa Ya","2,024","3","78,000,000","URBANO"
"SANTANDER","68","LEBRIJA","68,406","Mi Casa Ya","2,025","1","28,470,000","URBANO"
"SANTANDER","68","LOS SANTOS","68,418","Mi Casa Ya","2,022","2","47,255,780","URBANO"
"SANTANDER","68","LOS SANTOS","68,418","Mi Casa Ya","2,023","1","34,800,000","URBANO"
"SANTANDER","68","LOS SANTOS","68,418","Mi Casa Ya","2,024","1","26,000,000","URBANO"
"SANTANDER","68","MALAGA","68,432","Mi Casa Ya","2,022","28","610,790,460","URBANO"
"SANTANDER","68","MALAGA","68,432","Mi Casa Ya","2,023","3","81,200,000","URBANO"
"SANTANDER","68","MALAGA","68,432","Mi Casa Ya","2,024","4","156,000,000","URBANO"
"SANTANDER","68","MATANZA","68,444","Mi Casa Ya","2,022","1","18,170,520","URBANO"
"SANTANDER","68","MOGOTES","68,464","Mi Casa Ya","2,024","1","26,000,000","URBANO"
"SANTANDER","68","OIBA","68,500","Mi Casa Ya","2,022","2","50,000,000","URBANO"
"SANTANDER","68","PARAMO","68,533","Mi Casa Ya","2,022","3","90,000,000","URBANO"
"SANTANDER","68","PIEDECUESTA","68,547","Mi Casa Ya","2,022","1,629","42,440,027,420","URBANO"
"SANTANDER","68","PIEDECUESTA","68,547","Mi Casa Ya","2,023","1,474","47,510,400,000","URBANO"
"SANTANDER","68","PIEDECUESTA","68,547","Mi Casa Ya","2,024","751","26,494,000,000","URBANO"
"SANTANDER","68","PIEDECUESTA","68,547","Mi Casa Ya","2,025","13","526,695,000","URBANO"
"SANTANDER","68","PINCHOTE","68,549","Mi Casa Ya","2,023","3","81,200,000","URBANO"
"SANTANDER","68","SABANA DE TORRES","68,655","Mi Casa Ya","2,022","1","20,000,000","URBANO"
"SANTANDER","68","SAN GIL","68,679","Mi Casa Ya","2,022","183","4,651,270,220","URBANO"
"SANTANDER","68","SAN GIL","68,679","Mi Casa Ya","2,023","175","5,127,200,000","URBANO"
"SANTANDER","68","SAN GIL","68,679","Mi Casa Ya","2,024","182","6,045,000,000","URBANO"
"SANTANDER","68","SAN GIL","68,679","Mi Casa Ya","2,025","5","156,585,000","URBANO"
"SANTANDER","68","SAN VICENTE DE CHUCURI","68,689","Mi Casa Ya","2,022","43","870,000,000","URBANO"
"SANTANDER","68","SAN VICENTE DE CHUCURI","68,689","Mi Casa Ya","2,023","7","162,400,000","URBANO"
"SANTANDER","68","SAN VICENTE DE CHUCURI","68,689","Mi Casa Ya","2,024","21","546,000,000","URBANO"
"SANTANDER","68","SOCORRO","68,755","Mi Casa Ya","2,022","9","228,170,520","URBANO"
"SANTANDER","68","SOCORRO","68,755","Mi Casa Ya","2,023","10","301,600,000","URBANO"
"SANTANDER","68","SOCORRO","68,755","Mi Casa Ya","2,024","7","247,000,000","URBANO"
"SANTANDER","68","VALLE SAN JOSE","68,855","Mi Casa Ya","2,023","1","34,800,000","URBANO"
"SANTANDER","68","VELEZ","68,861","Mi Casa Ya","2,022","8","178,170,520","URBANO"
"SANTANDER","68","VELEZ","68,861","Mi Casa Ya","2,023","1","23,200,000","URBANO"
"SANTANDER","68","VILLANUEVA","68,872","Mi Casa Ya","2,023","2","58,000,000","URBANO"
"SANTANDER","68","ZAPATOCA","68,895","Mi Casa Ya","2,023","1","23,200,000","URBANO"
"SUCRE","70","COROZAL","70,215","Mi Casa Ya","2,023","6","197,200,000","URBANO"
"SUCRE","70","COROZAL","70,215","Mi Casa Ya","2,024","9","286,000,000","URBANO"
"SUCRE","70","MORROA","70,473","Mi Casa Ya","2,023","4","139,200,000","URBANO"
"SUCRE","70","MORROA","70,473","Mi Casa Ya","2,024","1","39,000,000","URBANO"
"SUCRE","70","SAMPUES","70,670","Mi Casa Ya","2,023","5","162,400,000","URBANO"
"SUCRE","70","SAMPUES","70,670","Mi Casa Ya","2,024","1","39,000,000","URBANO"
"SUCRE","70","SINCELEJO","70,001","Mi Casa Ya","2,022","236","5,857,921,960","URBANO"
"SUCRE","70","SINCELEJO","70,001","Mi Casa Ya","2,023","215","6,676,800,000","URBANO"
"SUCRE","70","SINCELEJO","70,001","Mi Casa Ya","2,024","213","6,838,000,000","URBANO"
"SUCRE","70","SINCELEJO","70,001","Mi Casa Ya","2,025","8","298,935,000","URBANO"
"TOLIMA","73","ARMERO (GUAYABAL)","73,055","Mi Casa Ya","2,022","66","1,318,170,520","URBANO"
"TOLIMA","73","ARMERO (GUAYABAL)","73,055","Mi Casa Ya","2,023","29","672,800,000","URBANO"
"TOLIMA","73","ARMERO (GUAYABAL)","73,055","Mi Casa Ya","2,024","6","169,000,000","URBANO"
"TOLIMA","73","CAJAMARCA","73,124","Mi Casa Ya","2,022","50","1,410,790,460","URBANO"
"TOLIMA","73","CAJAMARCA","73,124","Mi Casa Ya","2,023","46","1,508,000,000","URBANO"
"TOLIMA","73","CAJAMARCA","73,124","Mi Casa Ya","2,024","11","429,000,000","URBANO"
"TOLIMA","73","CAJAMARCA","73,124","Mi Casa Ya","2,025","1","28,470,000","URBANO"
"TOLIMA","73","CHAPARRAL","73,168","Mi Casa Ya","2,022","1","18,170,520","URBANO"
"TOLIMA","73","CHAPARRAL","73,168","Mi Casa Ya","2,023","1","23,200,000","URBANO"
"TOLIMA","73","CHAPARRAL","73,168","Mi Casa Ya","2,024","4","143,000,000","URBANO"
"TOLIMA","73","ESPINAL","73,268","Mi Casa Ya","2,022","514","13,652,167,600","URBANO"
"TOLIMA","73","ESPINAL","73,268","Mi Casa Ya","2,023","543","17,620,400,000","URBANO"
"TOLIMA","73","ESPINAL","73,268","Mi Casa Ya","2,024","530","19,097,000,000","URBANO"
"TOLIMA","73","ESPINAL","73,268","Mi Casa Ya","2,025","12","498,225,000","URBANO"
"TOLIMA","73","FLANDES","73,275","Mi Casa Ya","2,022","43","858,170,520","URBANO"
"TOLIMA","73","FLANDES","73,275","Mi Casa Ya","2,023","13","301,600,000","URBANO"
"TOLIMA","73","FLANDES","73,275","Mi Casa Ya","2,024","16","416,000,000","URBANO"
"TOLIMA","73","GUAMO","73,319","Mi Casa Ya","2,022","23","478,108,380","URBANO"
"TOLIMA","73","GUAMO","73,319","Mi Casa Ya","2,023","7","185,600,000","URBANO"
"TOLIMA","73","HONDA","73,349","Mi Casa Ya","2,022","1","30,000,000","URBANO"
"TOLIMA","73","IBAGUE","73,001","Mi Casa Ya","2,022","2,947","69,316,378,520","URBANO"
"TOLIMA","73","IBAGUE","73,001","Mi Casa Ya","2,023","3,096","86,988,400,000","URBANO"
"TOLIMA","73","IBAGUE","73,001","Mi Casa Ya","2,024","2,513","74,815,000,000","URBANO"
"TOLIMA","73","IBAGUE","73,001","Mi Casa Ya","2,025","358","11,900,460,000","URBANO"
"TOLIMA","73","LIBANO","73,411","Mi Casa Ya","2,022","10","278,170,520","URBANO"
"TOLIMA","73","LIBANO","73,411","Mi Casa Ya","2,023","1","34,800,000","URBANO"
"TOLIMA","73","LIBANO","73,411","Mi Casa Ya","2,024","2","78,000,000","URBANO"
"TOLIMA","73","MARIQUITA","73,443","Mi Casa Ya","2,022","17","416,341,040","URBANO"
"TOLIMA","73","MARIQUITA","73,443","Mi Casa Ya","2,023","4","127,600,000","URBANO"
"TOLIMA","73","MARIQUITA","73,443","Mi Casa Ya","2,024","6","221,000,000","URBANO"
"TOLIMA","73","MELGAR","73,449","Mi Casa Ya","2,022","33","669,023,120","URBANO"
"TOLIMA","73","MELGAR","73,449","Mi Casa Ya","2,023","23","545,200,000","URBANO"
"TOLIMA","73","MELGAR","73,449","Mi Casa Ya","2,024","19","546,000,000","URBANO"
"TOLIMA","73","PURIFICACION","73,585","Mi Casa Ya","2,022","23","502,682,080","URBANO"
"TOLIMA","73","PURIFICACION","73,585","Mi Casa Ya","2,023","14","336,400,000","URBANO"
"TOLIMA","73","PURIFICACION","73,585","Mi Casa Ya","2,024","11","338,000,000","URBANO"
"TOLIMA","73","RIOBLANCO","73,616","Mi Casa Ya","2,023","2","69,600,000","URBANO"
"TOLIMA","73","RIOBLANCO","73,616","Mi Casa Ya","2,024","2","78,000,000","URBANO"
"TOLIMA","73","ROVIRA","73,624","Mi Casa Ya","2,024","5","182,000,000","URBANO"
"TOLIMA","73","ROVIRA","73,624","Mi Casa Ya","2,025","1","42,705,000","URBANO"
"TOLIMA","73","SALDAÑA","73,671","Mi Casa Ya","2,022","8","227,255,780","URBANO"
"TOLIMA","73","SALDAÑA","73,671","Mi Casa Ya","2,023","3","92,800,000","URBANO"
"TOLIMA","73","SALDAÑA","73,671","Mi Casa Ya","2,024","2","65,000,000","URBANO"
"TOLIMA","73","VENADILLO","73,861","Mi Casa Ya","2,022","24","671,767,340","URBANO"
"TOLIMA","73","VENADILLO","73,861","Mi Casa Ya","2,023","40","1,229,600,000","URBANO"
"TOLIMA","73","VENADILLO","73,861","Mi Casa Ya","2,024","18","559,000,000","URBANO"
"VALLE DEL CAUCA","76","ANDALUCIA","76,036","Mi Casa Ya","2,022","11","310,000,000","URBANO"
"VALLE DEL CAUCA","76","ANDALUCIA","76,036","Mi Casa Ya","2,024","4","143,000,000","URBANO"
"VALLE DEL CAUCA","76","ANDALUCIA","76,036","Mi Casa Ya","2,025","1","28,470,000","URBANO"
"VALLE DEL CAUCA","76","ANSERMANUEVO","76,041","Mi Casa Ya","2,022","1","27,255,780","URBANO"
"VALLE DEL CAUCA","76","BUENAVENTURA","76,109","Mi Casa Ya","2,022","5","128,170,520","URBANO"
"VALLE DEL CAUCA","76","BUENAVENTURA","76,109","Mi Casa Ya","2,023","28","893,200,000","URBANO"
"VALLE DEL CAUCA","76","BUENAVENTURA","76,109","Mi Casa Ya","2,024","2","78,000,000","URBANO"
"VALLE DEL CAUCA","76","BUGA","76,111","Mi Casa Ya","2,022","124","3,338,757,200","URBANO"
"VALLE DEL CAUCA","76","BUGA","76,111","Mi Casa Ya","2,023","570","19,406,800,000","URBANO"
"VALLE DEL CAUCA","76","BUGA","76,111","Mi Casa Ya","2,024","283","10,998,000,000","URBANO"
"VALLE DEL CAUCA","76","BUGA","76,111","Mi Casa Ya","2,025","386","16,412,955,000","URBANO"
"VALLE DEL CAUCA","76","CAICEDONIA","76,122","Mi Casa Ya","2,022","68","1,860,852,600","URBANO"
"VALLE DEL CAUCA","76","CAICEDONIA","76,122","Mi Casa Ya","2,023","17","498,800,000","URBANO"
"VALLE DEL CAUCA","76","CAICEDONIA","76,122","Mi Casa Ya","2,024","5","143,000,000","URBANO"
"VALLE DEL CAUCA","76","CALI","76,001","Mi Casa Ya","2,022","2,998","66,135,391,580","URBANO"
"VALLE DEL CAUCA","76","CALI","76,001","Mi Casa Ya","2,023","1,264","36,957,600,000","URBANO"
"VALLE DEL CAUCA","76","CALI","76,001","Mi Casa Ya","2,024","1,076","33,904,000,000","URBANO"
"VALLE DEL CAUCA","76","CALI","76,001","Mi Casa Ya","2,025","312","10,875,540,000","URBANO"
"VALLE DEL CAUCA","76","CALIMA","76,126","Mi Casa Ya","2,023","6","174,000,000","URBANO"
"VALLE DEL CAUCA","76","CALIMA","76,126","Mi Casa Ya","2,024","1","26,000,000","URBANO"
"VALLE DEL CAUCA","76","CALIMA","76,126","Mi Casa Ya","2,025","1","28,470,000","URBANO"
"VALLE DEL CAUCA","76","CANDELARIA","76,130","Mi Casa Ya","2,022","5,274","145,119,734,080","URBANO"
"VALLE DEL CAUCA","76","CANDELARIA","76,130","Mi Casa Ya","2,023","3,656","112,028,000,000","URBANO"
"VALLE DEL CAUCA","76","CANDELARIA","76,130","Mi Casa Ya","2,024","5,006","164,619,000,000","URBANO"
"VALLE DEL CAUCA","76","CANDELARIA","76,130","Mi Casa Ya","2,025","1,048","37,793,925,000","URBANO"
"VALLE DEL CAUCA","76","CARTAGO","76,147","Mi Casa Ya","2,022","215","4,813,223,980","URBANO"
"VALLE DEL CAUCA","76","CARTAGO","76,147","Mi Casa Ya","2,023","357","9,802,000,000","URBANO"
"VALLE DEL CAUCA","76","CARTAGO","76,147","Mi Casa Ya","2,024","145","4,212,000,000","URBANO"
"VALLE DEL CAUCA","76","CARTAGO","76,147","Mi Casa Ya","2,025","2","85,410,000","URBANO"
"VALLE DEL CAUCA","76","EL CERRITO","76,248","Mi Casa Ya","2,022","67","1,756,278,900","URBANO"
"VALLE DEL CAUCA","76","EL CERRITO","76,248","Mi Casa Ya","2,023","58","1,809,600,000","URBANO"
"VALLE DEL CAUCA","76","EL CERRITO","76,248","Mi Casa Ya","2,024","5","143,000,000","URBANO"
"VALLE DEL CAUCA","76","FLORIDA","76,275","Mi Casa Ya","2,022","74","1,661,767,340","URBANO"
"VALLE DEL CAUCA","76","FLORIDA","76,275","Mi Casa Ya","2,023","113","3,468,400,000","URBANO"
"VALLE DEL CAUCA","76","FLORIDA","76,275","Mi Casa Ya","2,024","89","3,042,000,000","URBANO"
"VALLE DEL CAUCA","76","FLORIDA","76,275","Mi Casa Ya","2,025","5","213,525,000","URBANO"
"VALLE DEL CAUCA","76","GINEBRA","76,306","Mi Casa Ya","2,022","22","643,534,680","URBANO"
"VALLE DEL CAUCA","76","GINEBRA","76,306","Mi Casa Ya","2,023","8","278,400,000","URBANO"
"VALLE DEL CAUCA","76","GINEBRA","76,306","Mi Casa Ya","2,024","14","533,000,000","URBANO"
"VALLE DEL CAUCA","76","GINEBRA","76,306","Mi Casa Ya","2,025","2","85,410,000","URBANO"
"VALLE DEL CAUCA","76","GUACARI","76,318","Mi Casa Ya","2,022","496","14,178,073,660","URBANO"
"VALLE DEL CAUCA","76","GUACARI","76,318","Mi Casa Ya","2,023","37","1,171,600,000","URBANO"
"VALLE DEL CAUCA","76","GUACARI","76,318","Mi Casa Ya","2,024","356","13,468,000,000","URBANO"
"VALLE DEL CAUCA","76","GUACARI","76,318","Mi Casa Ya","2,025","57","2,348,775,000","URBANO"
"VALLE DEL CAUCA","76","JAMUNDI","76,364","Mi Casa Ya","2,022","2,846","70,144,486,900","URBANO"
"VALLE DEL CAUCA","76","JAMUNDI","76,364","Mi Casa Ya","2,023","1,622","47,397,600,000","URBANO"
"VALLE DEL CAUCA","76","JAMUNDI","76,364","Mi Casa Ya","2,024","1,839","60,242,000,000","URBANO"
"VALLE DEL CAUCA","76","JAMUNDI","76,364","Mi Casa Ya","2,025","915","31,829,460,000","URBANO"
"VALLE DEL CAUCA","76","LA UNION","76,400","Mi Casa Ya","2,022","31","693,596,820","URBANO"
"VALLE DEL CAUCA","76","LA UNION","76,400","Mi Casa Ya","2,023","106","3,050,800,000","URBANO"
"VALLE DEL CAUCA","76","LA UNION","76,400","Mi Casa Ya","2,024","139","4,771,000,000","URBANO"
"VALLE DEL CAUCA","76","LA UNION","76,400","Mi Casa Ya","2,025","2","56,940,000","URBANO"
"VALLE DEL CAUCA","76","LA VICTORIA","76,403","Mi Casa Ya","2,022","14","388,170,520","URBANO"
"VALLE DEL CAUCA","76","LA VICTORIA","76,403","Mi Casa Ya","2,023","23","730,800,000","URBANO"
"VALLE DEL CAUCA","76","LA VICTORIA","76,403","Mi Casa Ya","2,024","13","377,000,000","URBANO"
"VALLE DEL CAUCA","76","PALMIRA","76,520","Mi Casa Ya","2,022","513","12,478,526,000","URBANO"
"VALLE DEL CAUCA","76","PALMIRA","76,520","Mi Casa Ya","2,023","742","22,364,800,000","URBANO"
"VALLE DEL CAUCA","76","PALMIRA","76,520","Mi Casa Ya","2,024","822","28,132,000,000","URBANO"
"VALLE DEL CAUCA","76","PALMIRA","76,520","Mi Casa Ya","2,025","108","3,971,565,000","URBANO"
"VALLE DEL CAUCA","76","PRADERA","76,563","Mi Casa Ya","2,022","7","130,852,600","URBANO"
"VALLE DEL CAUCA","76","PRADERA","76,563","Mi Casa Ya","2,023","14","359,600,000","URBANO"
"VALLE DEL CAUCA","76","PRADERA","76,563","Mi Casa Ya","2,024","16","520,000,000","URBANO"
"VALLE DEL CAUCA","76","RESTREPO","76,606","Mi Casa Ya","2,022","7","197,255,780","URBANO"
"VALLE DEL CAUCA","76","RESTREPO","76,606","Mi Casa Ya","2,023","2","69,600,000","URBANO"
"VALLE DEL CAUCA","76","RESTREPO","76,606","Mi Casa Ya","2,024","1","26,000,000","URBANO"
"VALLE DEL CAUCA","76","RIOFRIO","76,616","Mi Casa Ya","2,022","48","1,371,767,340","URBANO"
"VALLE DEL CAUCA","76","RIOFRIO","76,616","Mi Casa Ya","2,023","3","104,400,000","URBANO"
"VALLE DEL CAUCA","76","RIOFRIO","76,616","Mi Casa Ya","2,024","2","52,000,000","URBANO"
"VALLE DEL CAUCA","76","ROLDANILLO","76,622","Mi Casa Ya","2,022","30","697,255,780","URBANO"
"VALLE DEL CAUCA","76","ROLDANILLO","76,622","Mi Casa Ya","2,023","129","3,561,200,000","URBANO"
"VALLE DEL CAUCA","76","ROLDANILLO","76,622","Mi Casa Ya","2,024","64","2,106,000,000","URBANO"
"VALLE DEL CAUCA","76","SAN PEDRO","76,670","Mi Casa Ya","2,022","32","831,643,060","URBANO"
"VALLE DEL CAUCA","76","SAN PEDRO","76,670","Mi Casa Ya","2,023","5","139,200,000","URBANO"
"VALLE DEL CAUCA","76","SAN PEDRO","76,670","Mi Casa Ya","2,024","8","286,000,000","URBANO"
"VALLE DEL CAUCA","76","SEVILLA","76,736","Mi Casa Ya","2,022","3","70,000,000","URBANO"
"VALLE DEL CAUCA","76","SEVILLA","76,736","Mi Casa Ya","2,023","3","104,400,000","URBANO"
"VALLE DEL CAUCA","76","TORO","76,823","Mi Casa Ya","2,022","1","27,255,780","URBANO"
"VALLE DEL CAUCA","76","TORO","76,823","Mi Casa Ya","2,023","14","348,000,000","URBANO"
"VALLE DEL CAUCA","76","TORO","76,823","Mi Casa Ya","2,024","45","1,287,000,000","URBANO"
"VALLE DEL CAUCA","76","TRUJILLO","76,828","Mi Casa Ya","2,022","10","290,000,000","URBANO"
"VALLE DEL CAUCA","76","TRUJILLO","76,828","Mi Casa Ya","2,023","26","835,200,000","URBANO"
"VALLE DEL CAUCA","76","TRUJILLO","76,828","Mi Casa Ya","2,024","21","780,000,000","URBANO"
"VALLE DEL CAUCA","76","TULUA","76,834","Mi Casa Ya","2,022","325","7,274,929,180","URBANO"
"VALLE DEL CAUCA","76","TULUA","76,834","Mi Casa Ya","2,023","334","9,082,800,000","URBANO"
"VALLE DEL CAUCA","76","TULUA","76,834","Mi Casa Ya","2,024","457","14,911,000,000","URBANO"
"VALLE DEL CAUCA","76","TULUA","76,834","Mi Casa Ya","2,025","4","142,350,000","URBANO"
"VALLE DEL CAUCA","76","VERSALLES","76,863","Mi Casa Ya","2,022","12","268,170,520","URBANO"
"VALLE DEL CAUCA","76","VERSALLES","76,863","Mi Casa Ya","2,023","14","487,200,000","URBANO"
"VALLE DEL CAUCA","76","VERSALLES","76,863","Mi Casa Ya","2,024","4","117,000,000","URBANO"
"VALLE DEL CAUCA","76","YUMBO","76,892","Mi Casa Ya","2,022","1,492","35,971,981,180","URBANO"
"VALLE DEL CAUCA","76","YUMBO","76,892","Mi Casa Ya","2,023","1,413","41,760,000,000","URBANO"
"VALLE DEL CAUCA","76","YUMBO","76,892","Mi Casa Ya","2,024","666","22,152,000,000","URBANO"
"VALLE DEL CAUCA","76","YUMBO","76,892","Mi Casa Ya","2,025","13","455,520,000","URBANO"
"VALLE DEL CAUCA","76","ZARZAL","76,895","Mi Casa Ya","2,022","27","530,852,600","URBANO"
"VALLE DEL CAUCA","76","ZARZAL","76,895","Mi Casa Ya","2,023","87","2,598,400,000","URBANO"
"VALLE DEL CAUCA","76","ZARZAL","76,895","Mi Casa Ya","2,024","106","3,614,000,000","URBANO"
"VALLE DEL CAUCA","76","ZARZAL","76,895","Mi Casa Ya","2,025","19","540,930,000","URBANO"
